path,ext,size_kb,mtime_utc,figure_role,training_vs_paper,cjk_in_path,likely_generator_script,likely_source_data,deprecated_hint,recommended_disposition,git_tracked
LengthOptimize/Green/Fiber11cm/Fiber1/1.JPG,.jpg,609.6,2026-04-25T03:15Z,other,review_needed,False,,unknown,,review,False
LengthOptimize/Green/Fiber11cm/Fiber1/10.JPG,.jpg,609.0,2026-04-25T03:20Z,other,review_needed,False,,unknown,,review,False
LengthOptimize/Green/Fiber11cm/Fiber1/2.JPG,.jpg,609.4,2026-04-25T03:16Z,other,review_needed,False,,unknown,,review,False
LengthOptimize/Green/Fiber11cm/Fiber1/3.JPG,.jpg,610.8,2026-04-25T03:16Z,other,review_needed,False,,unknown,,review,False
LengthOptimize/Green/Fiber11cm/Fiber1/4.JPG,.jpg,610.8,2026-04-25T03:17Z,other,review_needed,False,,unknown,,review,False
LengthOptimize/Green/Fiber11cm/Fiber1/5.JPG,.jpg,609.5,2026-04-25T03:17Z,other,review_needed,False,,unknown,,review,False
LengthOptimize/Green/Fiber11cm/Fiber1/6.JPG,.jpg,609.5,2026-04-25T03:18Z,other,review_needed,False,,unknown,,review,False
LengthOptimize/Green/Fiber11cm/Fiber1/7.JPG,.jpg,610.1,2026-04-25T03:18Z,other,review_needed,False,,unknown,,review,False
LengthOptimize/Green/Fiber11cm/Fiber1/8.JPG,.jpg,610.1,2026-04-25T03:19Z,other,review_needed,False,,unknown,,review,False
LengthOptimize/Green/Fiber11cm/Fiber1/9.JPG,.jpg,611.0,2026-04-25T03:19Z,other,review_needed,False,,unknown,,review,False
LengthOptimize/Green/Fiber11cm/Fiber2/1.JPG,.jpg,601.6,2026-04-25T02:25Z,other,review_needed,False,,unknown,,review,False
LengthOptimize/Green/Fiber11cm/Fiber2/10.JPG,.jpg,601.9,2026-04-25T02:29Z,other,review_needed,False,,unknown,,review,False
LengthOptimize/Green/Fiber11cm/Fiber2/2.JPG,.jpg,603.3,2026-04-25T02:25Z,other,review_needed,False,,unknown,,review,False
LengthOptimize/Green/Fiber11cm/Fiber2/3.JPG,.jpg,602.0,2026-04-25T02:26Z,other,review_needed,False,,unknown,,review,False
LengthOptimize/Green/Fiber11cm/Fiber2/4.JPG,.jpg,600.2,2026-04-25T02:26Z,other,review_needed,False,,unknown,,review,False
LengthOptimize/Green/Fiber11cm/Fiber2/5.JPG,.jpg,586.1,2026-04-25T02:27Z,other,review_needed,False,,unknown,,review,False
LengthOptimize/Green/Fiber11cm/Fiber2/6.JPG,.jpg,600.9,2026-04-25T02:27Z,other,review_needed,False,,unknown,,review,False
LengthOptimize/Green/Fiber11cm/Fiber2/7.JPG,.jpg,602.8,2026-04-25T02:28Z,other,review_needed,False,,unknown,,review,False
LengthOptimize/Green/Fiber11cm/Fiber2/8.JPG,.jpg,601.6,2026-04-25T02:28Z,other,review_needed,False,,unknown,,review,False
LengthOptimize/Green/Fiber11cm/Fiber2/9.JPG,.jpg,602.3,2026-04-25T02:29Z,other,review_needed,False,,unknown,,review,False
LengthOptimize/Green/Fiber11cm/Fiber3/1.JPG,.jpg,562.7,2026-04-25T02:44Z,other,review_needed,False,,unknown,,review,False
LengthOptimize/Green/Fiber11cm/Fiber3/10.JPG,.jpg,562.9,2026-04-25T02:49Z,other,review_needed,False,,unknown,,review,False
LengthOptimize/Green/Fiber11cm/Fiber3/2.JPG,.jpg,562.9,2026-04-25T02:45Z,other,review_needed,False,,unknown,,review,False
LengthOptimize/Green/Fiber11cm/Fiber3/3.JPG,.jpg,561.2,2026-04-25T02:45Z,other,review_needed,False,,unknown,,review,False
LengthOptimize/Green/Fiber11cm/Fiber3/4.JPG,.jpg,563.8,2026-04-25T02:46Z,other,review_needed,False,,unknown,,review,False
LengthOptimize/Green/Fiber11cm/Fiber3/5.JPG,.jpg,562.6,2026-04-25T02:46Z,other,review_needed,False,,unknown,,review,False
LengthOptimize/Green/Fiber11cm/Fiber3/6.JPG,.jpg,562.3,2026-04-25T02:47Z,other,review_needed,False,,unknown,,review,False
LengthOptimize/Green/Fiber11cm/Fiber3/7.JPG,.jpg,561.4,2026-04-25T02:47Z,other,review_needed,False,,unknown,,review,False
LengthOptimize/Green/Fiber11cm/Fiber3/8.JPG,.jpg,562.8,2026-04-25T02:48Z,other,review_needed,False,,unknown,,review,False
LengthOptimize/Green/Fiber11cm/Fiber3/9.JPG,.jpg,562.3,2026-04-25T02:48Z,other,review_needed,False,,unknown,,review,False
LengthOptimize/Green/Fiber11cm/Fiber4/1.JPG,.jpg,571.9,2026-04-25T02:54Z,other,review_needed,False,,unknown,,review,False
LengthOptimize/Green/Fiber11cm/Fiber4/10.JPG,.jpg,580.2,2026-04-25T02:58Z,other,review_needed,False,,unknown,,review,False
LengthOptimize/Green/Fiber11cm/Fiber4/2.JPG,.jpg,575.6,2026-04-25T02:54Z,other,review_needed,False,,unknown,,review,False
LengthOptimize/Green/Fiber11cm/Fiber4/3.JPG,.jpg,577.4,2026-04-25T02:55Z,other,review_needed,False,,unknown,,review,False
LengthOptimize/Green/Fiber11cm/Fiber4/4.JPG,.jpg,577.3,2026-04-25T02:55Z,other,review_needed,False,,unknown,,review,False
LengthOptimize/Green/Fiber11cm/Fiber4/5.JPG,.jpg,576.0,2026-04-25T02:56Z,other,review_needed,False,,unknown,,review,False
LengthOptimize/Green/Fiber11cm/Fiber4/6.JPG,.jpg,577.9,2026-04-25T02:56Z,other,review_needed,False,,unknown,,review,False
LengthOptimize/Green/Fiber11cm/Fiber4/7.JPG,.jpg,578.9,2026-04-25T02:57Z,other,review_needed,False,,unknown,,review,False
LengthOptimize/Green/Fiber11cm/Fiber4/8.JPG,.jpg,577.8,2026-04-25T02:57Z,other,review_needed,False,,unknown,,review,False
LengthOptimize/Green/Fiber11cm/Fiber4/9.JPG,.jpg,577.6,2026-04-25T02:58Z,other,review_needed,False,,unknown,,review,False
LengthOptimize/Green/Fiber11cm/Fiber5/1.JPG,.jpg,592.3,2026-04-25T03:02Z,other,review_needed,False,,unknown,,review,False
LengthOptimize/Green/Fiber11cm/Fiber5/10.JPG,.jpg,598.7,2026-04-25T03:06Z,other,review_needed,False,,unknown,,review,False
LengthOptimize/Green/Fiber11cm/Fiber5/2.JPG,.jpg,592.9,2026-04-25T03:02Z,other,review_needed,False,,unknown,,review,False
LengthOptimize/Green/Fiber11cm/Fiber5/3.JPG,.jpg,593.5,2026-04-25T03:03Z,other,review_needed,False,,unknown,,review,False
LengthOptimize/Green/Fiber11cm/Fiber5/4.JPG,.jpg,595.9,2026-04-25T03:03Z,other,review_needed,False,,unknown,,review,False
LengthOptimize/Green/Fiber11cm/Fiber5/5.JPG,.jpg,596.3,2026-04-25T03:04Z,other,review_needed,False,,unknown,,review,False
LengthOptimize/Green/Fiber11cm/Fiber5/6.JPG,.jpg,596.6,2026-04-25T03:04Z,other,review_needed,False,,unknown,,review,False
LengthOptimize/Green/Fiber11cm/Fiber5/7.JPG,.jpg,597.6,2026-04-25T03:05Z,other,review_needed,False,,unknown,,review,False
LengthOptimize/Green/Fiber11cm/Fiber5/8.JPG,.jpg,597.2,2026-04-25T03:05Z,other,review_needed,False,,unknown,,review,False
LengthOptimize/Green/Fiber11cm/Fiber5/9.JPG,.jpg,596.9,2026-04-25T03:06Z,other,review_needed,False,,unknown,,review,False
LengthOptimize/Green/Fiber13cm/Fiber1/1.JPG,.jpg,522.1,2026-04-24T13:10Z,other,review_needed,False,,unknown,,review,False
LengthOptimize/Green/Fiber13cm/Fiber1/10.JPG,.jpg,526.2,2026-04-24T13:15Z,other,review_needed,False,,unknown,,review,False
LengthOptimize/Green/Fiber13cm/Fiber1/2.JPG,.jpg,524.8,2026-04-24T13:11Z,other,review_needed,False,,unknown,,review,False
LengthOptimize/Green/Fiber13cm/Fiber1/3.JPG,.jpg,522.9,2026-04-24T13:11Z,other,review_needed,False,,unknown,,review,False
LengthOptimize/Green/Fiber13cm/Fiber1/4.JPG,.jpg,524.9,2026-04-24T13:12Z,other,review_needed,False,,unknown,,review,False
LengthOptimize/Green/Fiber13cm/Fiber1/5.JPG,.jpg,525.4,2026-04-24T13:12Z,other,review_needed,False,,unknown,,review,False
LengthOptimize/Green/Fiber13cm/Fiber1/6.JPG,.jpg,524.6,2026-04-24T13:13Z,other,review_needed,False,,unknown,,review,False
LengthOptimize/Green/Fiber13cm/Fiber1/7.JPG,.jpg,525.9,2026-04-24T13:13Z,other,review_needed,False,,unknown,,review,False
LengthOptimize/Green/Fiber13cm/Fiber1/8.JPG,.jpg,524.4,2026-04-24T13:14Z,other,review_needed,False,,unknown,,review,False
LengthOptimize/Green/Fiber13cm/Fiber1/9.JPG,.jpg,525.4,2026-04-24T13:14Z,other,review_needed,False,,unknown,,review,False
LengthOptimize/Green/Fiber13cm/Fiber2/1.JPG,.jpg,482.5,2026-04-24T13:25Z,other,review_needed,False,,unknown,,review,False
LengthOptimize/Green/Fiber13cm/Fiber2/10.JPG,.jpg,486.0,2026-04-24T13:30Z,other,review_needed,False,,unknown,,review,False
LengthOptimize/Green/Fiber13cm/Fiber2/2.JPG,.jpg,483.8,2026-04-24T13:26Z,other,review_needed,False,,unknown,,review,False
LengthOptimize/Green/Fiber13cm/Fiber2/3.JPG,.jpg,485.5,2026-04-24T13:26Z,other,review_needed,False,,unknown,,review,False
LengthOptimize/Green/Fiber13cm/Fiber2/4.JPG,.jpg,483.7,2026-04-24T13:27Z,other,review_needed,False,,unknown,,review,False
LengthOptimize/Green/Fiber13cm/Fiber2/5.JPG,.jpg,484.6,2026-04-24T13:27Z,other,review_needed,False,,unknown,,review,False
LengthOptimize/Green/Fiber13cm/Fiber2/6.JPG,.jpg,486.3,2026-04-24T13:28Z,other,review_needed,False,,unknown,,review,False
LengthOptimize/Green/Fiber13cm/Fiber2/7.JPG,.jpg,486.8,2026-04-24T13:28Z,other,review_needed,False,,unknown,,review,False
LengthOptimize/Green/Fiber13cm/Fiber2/8.JPG,.jpg,484.9,2026-04-24T13:29Z,other,review_needed,False,,unknown,,review,False
LengthOptimize/Green/Fiber13cm/Fiber2/9.JPG,.jpg,485.7,2026-04-24T13:29Z,other,review_needed,False,,unknown,,review,False
LengthOptimize/Green/Fiber13cm/Fiber3/1.JPG,.jpg,566.2,2026-04-24T13:41Z,other,review_needed,False,,unknown,,review,False
LengthOptimize/Green/Fiber13cm/Fiber3/10.JPG,.jpg,567.1,2026-04-24T13:46Z,other,review_needed,False,,unknown,,review,False
LengthOptimize/Green/Fiber13cm/Fiber3/2.JPG,.jpg,566.6,2026-04-24T13:42Z,other,review_needed,False,,unknown,,review,False
LengthOptimize/Green/Fiber13cm/Fiber3/3.JPG,.jpg,566.0,2026-04-24T13:42Z,other,review_needed,False,,unknown,,review,False
LengthOptimize/Green/Fiber13cm/Fiber3/4.JPG,.jpg,566.9,2026-04-24T13:43Z,other,review_needed,False,,unknown,,review,False
LengthOptimize/Green/Fiber13cm/Fiber3/5.JPG,.jpg,567.9,2026-04-24T13:44Z,other,review_needed,False,,unknown,,review,False
LengthOptimize/Green/Fiber13cm/Fiber3/6.JPG,.jpg,566.8,2026-04-24T13:44Z,other,review_needed,False,,unknown,,review,False
LengthOptimize/Green/Fiber13cm/Fiber3/7.JPG,.jpg,565.0,2026-04-24T13:45Z,other,review_needed,False,,unknown,,review,False
LengthOptimize/Green/Fiber13cm/Fiber3/8.JPG,.jpg,565.6,2026-04-24T13:45Z,other,review_needed,False,,unknown,,review,False
LengthOptimize/Green/Fiber13cm/Fiber3/9.JPG,.jpg,567.6,2026-04-24T13:46Z,other,review_needed,False,,unknown,,review,False
LengthOptimize/Green/Fiber13cm/Fiber4/1.JPG,.jpg,595.6,2026-04-24T13:49Z,other,review_needed,False,,unknown,,review,False
LengthOptimize/Green/Fiber13cm/Fiber4/10.JPG,.jpg,613.3,2026-04-24T13:54Z,other,review_needed,False,,unknown,,review,False
LengthOptimize/Green/Fiber13cm/Fiber4/2.JPG,.jpg,603.2,2026-04-24T13:49Z,other,review_needed,False,,unknown,,review,False
LengthOptimize/Green/Fiber13cm/Fiber4/3.JPG,.jpg,610.4,2026-04-24T13:50Z,other,review_needed,False,,unknown,,review,False
LengthOptimize/Green/Fiber13cm/Fiber4/4.JPG,.jpg,609.9,2026-04-24T13:50Z,other,review_needed,False,,unknown,,review,False
LengthOptimize/Green/Fiber13cm/Fiber4/5.JPG,.jpg,612.7,2026-04-24T13:51Z,other,review_needed,False,,unknown,,review,False
LengthOptimize/Green/Fiber13cm/Fiber4/6.JPG,.jpg,611.8,2026-04-24T13:51Z,other,review_needed,False,,unknown,,review,False
LengthOptimize/Green/Fiber13cm/Fiber4/7.JPG,.jpg,613.9,2026-04-24T13:52Z,other,review_needed,False,,unknown,,review,False
LengthOptimize/Green/Fiber13cm/Fiber4/8.JPG,.jpg,612.4,2026-04-24T13:53Z,other,review_needed,False,,unknown,,review,False
LengthOptimize/Green/Fiber13cm/Fiber4/9.JPG,.jpg,613.0,2026-04-24T13:53Z,other,review_needed,False,,unknown,,review,False
LengthOptimize/Green/Fiber13cm/Fiber5/1.JPG,.jpg,529.4,2026-04-24T13:56Z,other,review_needed,False,,unknown,,review,False
LengthOptimize/Green/Fiber13cm/Fiber5/10.JPG,.jpg,561.6,2026-04-24T14:00Z,other,review_needed,False,,unknown,,review,False
LengthOptimize/Green/Fiber13cm/Fiber5/2.JPG,.jpg,547.5,2026-04-24T13:56Z,other,review_needed,False,,unknown,,review,False
LengthOptimize/Green/Fiber13cm/Fiber5/3.JPG,.jpg,549.6,2026-04-24T13:57Z,other,review_needed,False,,unknown,,review,False
LengthOptimize/Green/Fiber13cm/Fiber5/4.JPG,.jpg,553.7,2026-04-24T13:57Z,other,review_needed,False,,unknown,,review,False
LengthOptimize/Green/Fiber13cm/Fiber5/5.JPG,.jpg,556.2,2026-04-24T13:58Z,other,review_needed,False,,unknown,,review,False
LengthOptimize/Green/Fiber13cm/Fiber5/6.JPG,.jpg,557.7,2026-04-24T13:58Z,other,review_needed,False,,unknown,,review,False
LengthOptimize/Green/Fiber13cm/Fiber5/7.JPG,.jpg,554.7,2026-04-24T13:59Z,other,review_needed,False,,unknown,,review,False
LengthOptimize/Green/Fiber13cm/Fiber5/8.JPG,.jpg,559.0,2026-04-24T13:59Z,other,review_needed,False,,unknown,,review,False
LengthOptimize/Green/Fiber13cm/Fiber5/9.JPG,.jpg,560.6,2026-04-24T14:00Z,other,review_needed,False,,unknown,,review,False
LengthOptimize/Green/Fiber16cm/Fiber1/1.JPG,.jpg,448.2,2026-04-21T13:44Z,other,review_needed,False,,unknown,,review,False
LengthOptimize/Green/Fiber16cm/Fiber1/10.JPG,.jpg,449.8,2026-04-21T13:48Z,other,review_needed,False,,unknown,,review,False
LengthOptimize/Green/Fiber16cm/Fiber1/2.JPG,.jpg,449.0,2026-04-21T13:44Z,other,review_needed,False,,unknown,,review,False
LengthOptimize/Green/Fiber16cm/Fiber1/3.JPG,.jpg,449.6,2026-04-21T13:45Z,other,review_needed,False,,unknown,,review,False
LengthOptimize/Green/Fiber16cm/Fiber1/4.JPG,.jpg,448.9,2026-04-21T13:45Z,other,review_needed,False,,unknown,,review,False
LengthOptimize/Green/Fiber16cm/Fiber1/5.JPG,.jpg,447.8,2026-04-21T13:46Z,other,review_needed,False,,unknown,,review,False
LengthOptimize/Green/Fiber16cm/Fiber1/6.JPG,.jpg,445.7,2026-04-21T13:46Z,other,review_needed,False,,unknown,,review,False
LengthOptimize/Green/Fiber16cm/Fiber1/7.JPG,.jpg,448.2,2026-04-21T13:47Z,other,review_needed,False,,unknown,,review,False
LengthOptimize/Green/Fiber16cm/Fiber1/8.JPG,.jpg,449.1,2026-04-21T13:47Z,other,review_needed,False,,unknown,,review,False
LengthOptimize/Green/Fiber16cm/Fiber1/9.JPG,.jpg,449.8,2026-04-21T13:48Z,other,review_needed,False,,unknown,,review,False
LengthOptimize/Green/Fiber16cm/Fiber2/1.JPG,.jpg,420.6,2026-04-21T13:52Z,other,review_needed,False,,unknown,,review,False
LengthOptimize/Green/Fiber16cm/Fiber2/10.JPG,.jpg,427.2,2026-04-21T13:57Z,other,review_needed,False,,unknown,,review,False
LengthOptimize/Green/Fiber16cm/Fiber2/2.JPG,.jpg,424.2,2026-04-21T13:53Z,other,review_needed,False,,unknown,,review,False
LengthOptimize/Green/Fiber16cm/Fiber2/3.JPG,.jpg,424.1,2026-04-21T13:53Z,other,review_needed,False,,unknown,,review,False
LengthOptimize/Green/Fiber16cm/Fiber2/4.JPG,.jpg,426.8,2026-04-21T13:54Z,other,review_needed,False,,unknown,,review,False
LengthOptimize/Green/Fiber16cm/Fiber2/5.JPG,.jpg,427.4,2026-04-21T13:54Z,other,review_needed,False,,unknown,,review,False
LengthOptimize/Green/Fiber16cm/Fiber2/6.JPG,.jpg,426.7,2026-04-21T13:55Z,other,review_needed,False,,unknown,,review,False
LengthOptimize/Green/Fiber16cm/Fiber2/7.JPG,.jpg,426.2,2026-04-21T13:55Z,other,review_needed,False,,unknown,,review,False
LengthOptimize/Green/Fiber16cm/Fiber2/8.JPG,.jpg,427.5,2026-04-21T13:56Z,other,review_needed,False,,unknown,,review,False
LengthOptimize/Green/Fiber16cm/Fiber2/9.JPG,.jpg,429.5,2026-04-21T13:56Z,other,review_needed,False,,unknown,,review,False
LengthOptimize/Green/Fiber16cm/Fiber3/1.JPG,.jpg,511.5,2026-04-21T13:25Z,other,review_needed,False,,unknown,,review,False
LengthOptimize/Green/Fiber16cm/Fiber3/10.JPG,.jpg,511.6,2026-04-21T13:30Z,other,review_needed,False,,unknown,,review,False
LengthOptimize/Green/Fiber16cm/Fiber3/2.JPG,.jpg,509.6,2026-04-21T13:26Z,other,review_needed,False,,unknown,,review,False
LengthOptimize/Green/Fiber16cm/Fiber3/3.JPG,.jpg,511.3,2026-04-21T13:26Z,other,review_needed,False,,unknown,,review,False
LengthOptimize/Green/Fiber16cm/Fiber3/4.JPG,.jpg,511.2,2026-04-21T13:27Z,other,review_needed,False,,unknown,,review,False
LengthOptimize/Green/Fiber16cm/Fiber3/5.JPG,.jpg,511.3,2026-04-21T13:27Z,other,review_needed,False,,unknown,,review,False
LengthOptimize/Green/Fiber16cm/Fiber3/6.JPG,.jpg,511.1,2026-04-21T13:28Z,other,review_needed,False,,unknown,,review,False
LengthOptimize/Green/Fiber16cm/Fiber3/7.JPG,.jpg,511.4,2026-04-21T13:28Z,other,review_needed,False,,unknown,,review,False
LengthOptimize/Green/Fiber16cm/Fiber3/8.JPG,.jpg,511.1,2026-04-21T13:29Z,other,review_needed,False,,unknown,,review,False
LengthOptimize/Green/Fiber16cm/Fiber3/9.JPG,.jpg,511.3,2026-04-21T13:29Z,other,review_needed,False,,unknown,,review,False
LengthOptimize/Green/Fiber16cm/Fiber4/1.JPG,.jpg,449.5,2026-04-21T14:03Z,other,review_needed,False,,unknown,,review,False
LengthOptimize/Green/Fiber16cm/Fiber4/10.JPG,.jpg,452.3,2026-04-21T14:07Z,other,review_needed,False,,unknown,,review,False
LengthOptimize/Green/Fiber16cm/Fiber4/2.JPG,.jpg,450.9,2026-04-21T14:03Z,other,review_needed,False,,unknown,,review,False
LengthOptimize/Green/Fiber16cm/Fiber4/3.JPG,.jpg,451.2,2026-04-21T14:04Z,other,review_needed,False,,unknown,,review,False
LengthOptimize/Green/Fiber16cm/Fiber4/4.JPG,.jpg,451.7,2026-04-21T14:04Z,other,review_needed,False,,unknown,,review,False
LengthOptimize/Green/Fiber16cm/Fiber4/5.JPG,.jpg,447.1,2026-04-21T14:05Z,other,review_needed,False,,unknown,,review,False
LengthOptimize/Green/Fiber16cm/Fiber4/6.JPG,.jpg,452.3,2026-04-21T14:05Z,other,review_needed,False,,unknown,,review,False
LengthOptimize/Green/Fiber16cm/Fiber4/7.JPG,.jpg,452.3,2026-04-21T14:06Z,other,review_needed,False,,unknown,,review,False
LengthOptimize/Green/Fiber16cm/Fiber4/8.JPG,.jpg,453.9,2026-04-21T14:06Z,other,review_needed,False,,unknown,,review,False
LengthOptimize/Green/Fiber16cm/Fiber4/9.JPG,.jpg,452.0,2026-04-21T14:07Z,other,review_needed,False,,unknown,,review,False
LengthOptimize/Green/Fiber16cm/Fiber5/1.JPG,.jpg,405.5,2026-04-21T14:11Z,other,review_needed,False,,unknown,,review,False
LengthOptimize/Green/Fiber16cm/Fiber5/10.JPG,.jpg,468.7,2026-04-21T14:15Z,other,review_needed,False,,unknown,,review,False
LengthOptimize/Green/Fiber16cm/Fiber5/2.JPG,.jpg,434.0,2026-04-21T14:11Z,other,review_needed,False,,unknown,,review,False
LengthOptimize/Green/Fiber16cm/Fiber5/3.JPG,.jpg,445.2,2026-04-21T14:12Z,other,review_needed,False,,unknown,,review,False
LengthOptimize/Green/Fiber16cm/Fiber5/4.JPG,.jpg,453.9,2026-04-21T14:12Z,other,review_needed,False,,unknown,,review,False
LengthOptimize/Green/Fiber16cm/Fiber5/5.JPG,.jpg,462.0,2026-04-21T14:13Z,other,review_needed,False,,unknown,,review,False
LengthOptimize/Green/Fiber16cm/Fiber5/6.JPG,.jpg,478.3,2026-04-21T14:13Z,other,review_needed,False,,unknown,,review,False
LengthOptimize/Green/Fiber16cm/Fiber5/7.JPG,.jpg,475.2,2026-04-21T14:14Z,other,review_needed,False,,unknown,,review,False
LengthOptimize/Green/Fiber16cm/Fiber5/8.JPG,.jpg,472.4,2026-04-21T14:14Z,other,review_needed,False,,unknown,,review,False
LengthOptimize/Green/Fiber16cm/Fiber5/9.JPG,.jpg,472.7,2026-04-21T14:15Z,other,review_needed,False,,unknown,,review,False
LengthOptimize/Green/Fiber8cm/Fiber1/1.JPG,.jpg,537.3,2026-04-25T06:01Z,other,review_needed,False,,unknown,,review,False
LengthOptimize/Green/Fiber8cm/Fiber1/10.JPG,.jpg,538.8,2026-04-25T06:06Z,other,review_needed,False,,unknown,,review,False
LengthOptimize/Green/Fiber8cm/Fiber1/2.JPG,.jpg,537.0,2026-04-25T06:02Z,other,review_needed,False,,unknown,,review,False
LengthOptimize/Green/Fiber8cm/Fiber1/3.JPG,.jpg,538.3,2026-04-25T06:02Z,other,review_needed,False,,unknown,,review,False
LengthOptimize/Green/Fiber8cm/Fiber1/4.JPG,.jpg,538.3,2026-04-25T06:03Z,other,review_needed,False,,unknown,,review,False
LengthOptimize/Green/Fiber8cm/Fiber1/5.JPG,.jpg,537.7,2026-04-25T06:03Z,other,review_needed,False,,unknown,,review,False
LengthOptimize/Green/Fiber8cm/Fiber1/6.JPG,.jpg,538.3,2026-04-25T06:04Z,other,review_needed,False,,unknown,,review,False
LengthOptimize/Green/Fiber8cm/Fiber1/7.JPG,.jpg,539.0,2026-04-25T06:04Z,other,review_needed,False,,unknown,,review,False
LengthOptimize/Green/Fiber8cm/Fiber1/8.JPG,.jpg,539.4,2026-04-25T06:05Z,other,review_needed,False,,unknown,,review,False
LengthOptimize/Green/Fiber8cm/Fiber1/9.JPG,.jpg,538.3,2026-04-25T06:05Z,other,review_needed,False,,unknown,,review,False
LengthOptimize/Green/Fiber8cm/Fiber2/1.JPG,.jpg,564.7,2026-04-25T06:10Z,other,review_needed,False,,unknown,,review,False
LengthOptimize/Green/Fiber8cm/Fiber2/10.JPG,.jpg,568.0,2026-04-25T06:15Z,other,review_needed,False,,unknown,,review,False
LengthOptimize/Green/Fiber8cm/Fiber2/2.JPG,.jpg,566.5,2026-04-25T06:11Z,other,review_needed,False,,unknown,,review,False
LengthOptimize/Green/Fiber8cm/Fiber2/3.JPG,.jpg,565.9,2026-04-25T06:11Z,other,review_needed,False,,unknown,,review,False
LengthOptimize/Green/Fiber8cm/Fiber2/4.JPG,.jpg,565.7,2026-04-25T06:12Z,other,review_needed,False,,unknown,,review,False
LengthOptimize/Green/Fiber8cm/Fiber2/5.JPG,.jpg,566.1,2026-04-25T06:12Z,other,review_needed,False,,unknown,,review,False
LengthOptimize/Green/Fiber8cm/Fiber2/6.JPG,.jpg,567.2,2026-04-25T06:13Z,other,review_needed,False,,unknown,,review,False
LengthOptimize/Green/Fiber8cm/Fiber2/7.JPG,.jpg,566.0,2026-04-25T06:13Z,other,review_needed,False,,unknown,,review,False
LengthOptimize/Green/Fiber8cm/Fiber2/8.JPG,.jpg,566.4,2026-04-25T06:14Z,other,review_needed,False,,unknown,,review,False
LengthOptimize/Green/Fiber8cm/Fiber2/9.JPG,.jpg,567.2,2026-04-25T06:14Z,other,review_needed,False,,unknown,,review,False
LengthOptimize/Green/Fiber8cm/Fiber3/1.JPG,.jpg,501.7,2026-04-25T05:53Z,other,review_needed,False,,unknown,,review,False
LengthOptimize/Green/Fiber8cm/Fiber3/10.JPG,.jpg,502.3,2026-04-25T05:54Z,other,review_needed,False,,unknown,,review,False
LengthOptimize/Green/Fiber8cm/Fiber3/2.JPG,.jpg,502.0,2026-04-25T05:53Z,other,review_needed,False,,unknown,,review,False
LengthOptimize/Green/Fiber8cm/Fiber3/3.JPG,.jpg,502.4,2026-04-25T05:53Z,other,review_needed,False,,unknown,,review,False
LengthOptimize/Green/Fiber8cm/Fiber3/4.JPG,.jpg,502.2,2026-04-25T05:54Z,other,review_needed,False,,unknown,,review,False
LengthOptimize/Green/Fiber8cm/Fiber3/5.JPG,.jpg,502.2,2026-04-25T05:54Z,other,review_needed,False,,unknown,,review,False
LengthOptimize/Green/Fiber8cm/Fiber3/6.JPG,.jpg,502.0,2026-04-25T05:54Z,other,review_needed,False,,unknown,,review,False
LengthOptimize/Green/Fiber8cm/Fiber3/7.JPG,.jpg,502.4,2026-04-25T05:54Z,other,review_needed,False,,unknown,,review,False
LengthOptimize/Green/Fiber8cm/Fiber3/8.JPG,.jpg,502.2,2026-04-25T05:54Z,other,review_needed,False,,unknown,,review,False
LengthOptimize/Green/Fiber8cm/Fiber3/9.JPG,.jpg,502.1,2026-04-25T05:54Z,other,review_needed,False,,unknown,,review,False
LengthOptimize/Green/Fiber8cm/Fiber4/1.JPG,.jpg,479.8,2026-04-25T06:20Z,other,review_needed,False,,unknown,,review,False
LengthOptimize/Green/Fiber8cm/Fiber4/10.JPG,.jpg,482.4,2026-04-25T06:25Z,other,review_needed,False,,unknown,,review,False
LengthOptimize/Green/Fiber8cm/Fiber4/2.JPG,.jpg,479.0,2026-04-25T06:21Z,other,review_needed,False,,unknown,,review,False
LengthOptimize/Green/Fiber8cm/Fiber4/3.JPG,.jpg,480.1,2026-04-25T06:21Z,other,review_needed,False,,unknown,,review,False
LengthOptimize/Green/Fiber8cm/Fiber4/4.JPG,.jpg,479.6,2026-04-25T06:22Z,other,review_needed,False,,unknown,,review,False
LengthOptimize/Green/Fiber8cm/Fiber4/5.JPG,.jpg,479.7,2026-04-25T06:22Z,other,review_needed,False,,unknown,,review,False
LengthOptimize/Green/Fiber8cm/Fiber4/6.JPG,.jpg,480.8,2026-04-25T06:23Z,other,review_needed,False,,unknown,,review,False
LengthOptimize/Green/Fiber8cm/Fiber4/7.JPG,.jpg,481.1,2026-04-25T06:23Z,other,review_needed,False,,unknown,,review,False
LengthOptimize/Green/Fiber8cm/Fiber4/8.JPG,.jpg,481.6,2026-04-25T06:24Z,other,review_needed,False,,unknown,,review,False
LengthOptimize/Green/Fiber8cm/Fiber4/9.JPG,.jpg,480.8,2026-04-25T06:24Z,other,review_needed,False,,unknown,,review,False
LengthOptimize/Green/Fiber8cm/Fiber5/1.JPG,.jpg,453.0,2026-04-25T06:34Z,other,review_needed,False,,unknown,,review,False
LengthOptimize/Green/Fiber8cm/Fiber5/10.JPG,.jpg,454.0,2026-04-25T06:39Z,other,review_needed,False,,unknown,,review,False
LengthOptimize/Green/Fiber8cm/Fiber5/2.JPG,.jpg,455.4,2026-04-25T06:35Z,other,review_needed,False,,unknown,,review,False
LengthOptimize/Green/Fiber8cm/Fiber5/3.JPG,.jpg,455.3,2026-04-25T06:35Z,other,review_needed,False,,unknown,,review,False
LengthOptimize/Green/Fiber8cm/Fiber5/4.JPG,.jpg,455.9,2026-04-25T06:36Z,other,review_needed,False,,unknown,,review,False
LengthOptimize/Green/Fiber8cm/Fiber5/5.JPG,.jpg,455.1,2026-04-25T06:36Z,other,review_needed,False,,unknown,,review,False
LengthOptimize/Green/Fiber8cm/Fiber5/6.JPG,.jpg,455.6,2026-04-25T06:37Z,other,review_needed,False,,unknown,,review,False
LengthOptimize/Green/Fiber8cm/Fiber5/7.JPG,.jpg,454.4,2026-04-25T06:37Z,other,review_needed,False,,unknown,,review,False
LengthOptimize/Green/Fiber8cm/Fiber5/8.JPG,.jpg,453.7,2026-04-25T06:38Z,other,review_needed,False,,unknown,,review,False
LengthOptimize/Green/Fiber8cm/Fiber5/9.JPG,.jpg,454.1,2026-04-25T06:38Z,other,review_needed,False,,unknown,,review,False
LengthOptimize/Green/Fiber9cm/Fiber1/1.JPG,.jpg,553.5,2026-04-23T13:06Z,other,review_needed,False,,unknown,,review,False
LengthOptimize/Green/Fiber9cm/Fiber1/10.JPG,.jpg,554.7,2026-04-23T13:10Z,other,review_needed,False,,unknown,,review,False
LengthOptimize/Green/Fiber9cm/Fiber1/2.JPG,.jpg,557.6,2026-04-23T13:06Z,other,review_needed,False,,unknown,,review,False
LengthOptimize/Green/Fiber9cm/Fiber1/3.JPG,.jpg,556.3,2026-04-23T13:07Z,other,review_needed,False,,unknown,,review,False
LengthOptimize/Green/Fiber9cm/Fiber1/4.JPG,.jpg,557.2,2026-04-23T13:07Z,other,review_needed,False,,unknown,,review,False
LengthOptimize/Green/Fiber9cm/Fiber1/5.JPG,.jpg,557.2,2026-04-23T13:08Z,other,review_needed,False,,unknown,,review,False
LengthOptimize/Green/Fiber9cm/Fiber1/6.JPG,.jpg,553.8,2026-04-23T13:08Z,other,review_needed,False,,unknown,,review,False
LengthOptimize/Green/Fiber9cm/Fiber1/7.JPG,.jpg,556.6,2026-04-23T13:09Z,other,review_needed,False,,unknown,,review,False
LengthOptimize/Green/Fiber9cm/Fiber1/8.JPG,.jpg,556.4,2026-04-23T13:09Z,other,review_needed,False,,unknown,,review,False
LengthOptimize/Green/Fiber9cm/Fiber1/9.JPG,.jpg,554.7,2026-04-23T13:10Z,other,review_needed,False,,unknown,,review,False
LengthOptimize/Green/Fiber9cm/Fiber2/1.JPG,.jpg,418.5,2026-04-23T12:58Z,other,review_needed,False,,unknown,,review,False
LengthOptimize/Green/Fiber9cm/Fiber2/10.JPG,.jpg,483.7,2026-04-23T13:02Z,other,review_needed,False,,unknown,,review,False
LengthOptimize/Green/Fiber9cm/Fiber2/2.JPG,.jpg,474.1,2026-04-23T12:58Z,other,review_needed,False,,unknown,,review,False
LengthOptimize/Green/Fiber9cm/Fiber2/3.JPG,.jpg,484.1,2026-04-23T12:59Z,other,review_needed,False,,unknown,,review,False
LengthOptimize/Green/Fiber9cm/Fiber2/4.JPG,.jpg,482.9,2026-04-23T12:59Z,other,review_needed,False,,unknown,,review,False
LengthOptimize/Green/Fiber9cm/Fiber2/5.JPG,.jpg,482.2,2026-04-23T13:00Z,other,review_needed,False,,unknown,,review,False
LengthOptimize/Green/Fiber9cm/Fiber2/6.JPG,.jpg,482.8,2026-04-23T13:00Z,other,review_needed,False,,unknown,,review,False
LengthOptimize/Green/Fiber9cm/Fiber2/7.JPG,.jpg,481.8,2026-04-23T13:01Z,other,review_needed,False,,unknown,,review,False
LengthOptimize/Green/Fiber9cm/Fiber2/8.JPG,.jpg,482.4,2026-04-23T13:01Z,other,review_needed,False,,unknown,,review,False
LengthOptimize/Green/Fiber9cm/Fiber2/9.JPG,.jpg,454.9,2026-04-23T13:02Z,other,review_needed,False,,unknown,,review,False
LengthOptimize/Green/Fiber9cm/Fiber3/1.JPG,.jpg,526.4,2026-04-23T12:47Z,other,review_needed,False,,unknown,,review,False
LengthOptimize/Green/Fiber9cm/Fiber3/10.JPG,.jpg,527.1,2026-04-23T12:52Z,other,review_needed,False,,unknown,,review,False
LengthOptimize/Green/Fiber9cm/Fiber3/2.JPG,.jpg,528.0,2026-04-23T12:48Z,other,review_needed,False,,unknown,,review,False
LengthOptimize/Green/Fiber9cm/Fiber3/3.JPG,.jpg,524.7,2026-04-23T12:48Z,other,review_needed,False,,unknown,,review,False
LengthOptimize/Green/Fiber9cm/Fiber3/4.JPG,.jpg,526.4,2026-04-23T12:49Z,other,review_needed,False,,unknown,,review,False
LengthOptimize/Green/Fiber9cm/Fiber3/5.JPG,.jpg,524.5,2026-04-23T12:49Z,other,review_needed,False,,unknown,,review,False
LengthOptimize/Green/Fiber9cm/Fiber3/6.JPG,.jpg,504.0,2026-04-23T12:50Z,other,review_needed,False,,unknown,,review,False
LengthOptimize/Green/Fiber9cm/Fiber3/7.JPG,.jpg,523.8,2026-04-23T12:50Z,other,review_needed,False,,unknown,,review,False
LengthOptimize/Green/Fiber9cm/Fiber3/8.JPG,.jpg,526.1,2026-04-23T12:51Z,other,review_needed,False,,unknown,,review,False
LengthOptimize/Green/Fiber9cm/Fiber3/9.JPG,.jpg,518.9,2026-04-23T12:51Z,other,review_needed,False,,unknown,,review,False
LengthOptimize/Green/Fiber9cm/Fiber4/1.JPG,.jpg,649.7,2026-04-23T12:36Z,other,review_needed,False,,unknown,,review,False
LengthOptimize/Green/Fiber9cm/Fiber4/10.JPG,.jpg,646.3,2026-04-23T12:40Z,other,review_needed,False,,unknown,,review,False
LengthOptimize/Green/Fiber9cm/Fiber4/2.JPG,.jpg,649.4,2026-04-23T12:36Z,other,review_needed,False,,unknown,,review,False
LengthOptimize/Green/Fiber9cm/Fiber4/3.JPG,.jpg,649.3,2026-04-23T12:37Z,other,review_needed,False,,unknown,,review,False
LengthOptimize/Green/Fiber9cm/Fiber4/4.JPG,.jpg,649.7,2026-04-23T12:37Z,other,review_needed,False,,unknown,,review,False
LengthOptimize/Green/Fiber9cm/Fiber4/5.JPG,.jpg,627.9,2026-04-23T12:38Z,other,review_needed,False,,unknown,,review,False
LengthOptimize/Green/Fiber9cm/Fiber4/6.JPG,.jpg,649.6,2026-04-23T12:38Z,other,review_needed,False,,unknown,,review,False
LengthOptimize/Green/Fiber9cm/Fiber4/7.JPG,.jpg,638.6,2026-04-23T12:39Z,other,review_needed,False,,unknown,,review,False
LengthOptimize/Green/Fiber9cm/Fiber4/8.JPG,.jpg,648.6,2026-04-23T12:39Z,other,review_needed,False,,unknown,,review,False
LengthOptimize/Green/Fiber9cm/Fiber4/9.JPG,.jpg,648.3,2026-04-23T12:40Z,other,review_needed,False,,unknown,,review,False
LengthOptimize/Green/Fiber9cm/Fiber5/1.JPG,.jpg,530.6,2026-04-23T12:18Z,other,review_needed,False,,unknown,,review,False
LengthOptimize/Green/Fiber9cm/Fiber5/10.JPG,.jpg,530.5,2026-04-23T12:26Z,other,review_needed,False,,unknown,,review,False
LengthOptimize/Green/Fiber9cm/Fiber5/2.JPG,.jpg,536.0,2026-04-23T12:18Z,other,review_needed,False,,unknown,,review,False
LengthOptimize/Green/Fiber9cm/Fiber5/3.JPG,.jpg,534.8,2026-04-23T12:19Z,other,review_needed,False,,unknown,,review,False
LengthOptimize/Green/Fiber9cm/Fiber5/4.JPG,.jpg,534.7,2026-04-23T12:19Z,other,review_needed,False,,unknown,,review,False
LengthOptimize/Green/Fiber9cm/Fiber5/5.JPG,.jpg,534.7,2026-04-23T12:20Z,other,review_needed,False,,unknown,,review,False
LengthOptimize/Green/Fiber9cm/Fiber5/6.JPG,.jpg,532.5,2026-04-23T12:20Z,other,review_needed,False,,unknown,,review,False
LengthOptimize/Green/Fiber9cm/Fiber5/7.JPG,.jpg,534.0,2026-04-23T12:21Z,other,review_needed,False,,unknown,,review,False
LengthOptimize/Green/Fiber9cm/Fiber5/8.JPG,.jpg,532.3,2026-04-23T12:24Z,other,review_needed,False,,unknown,,review,False
LengthOptimize/Green/Fiber9cm/Fiber5/9.JPG,.jpg,465.8,2026-04-23T12:25Z,other,review_needed,False,,unknown,,review,False
disturbance_sensitivity/Fiber1/1.JPG,.jpg,421.2,2026-04-26T13:01Z,other,review_needed,False,,unknown,,review,False
disturbance_sensitivity/Fiber1/2.JPG,.jpg,421.1,2026-04-26T13:01Z,other,review_needed,False,,unknown,,review,False
disturbance_sensitivity/Fiber1/3.JPG,.jpg,421.2,2026-04-26T13:02Z,other,review_needed,False,,unknown,,review,False
disturbance_sensitivity/Fiber1/4.JPG,.jpg,420.6,2026-04-26T13:02Z,other,review_needed,False,,unknown,,review,False
disturbance_sensitivity/Fiber1/5.JPG,.jpg,419.9,2026-04-26T13:03Z,other,review_needed,False,,unknown,,review,False
disturbance_sensitivity/Fiber10/1.JPG,.jpg,351.3,2026-04-27T04:32Z,other,review_needed,False,,unknown,,review,False
disturbance_sensitivity/Fiber10/2.JPG,.jpg,352.1,2026-04-27T04:33Z,other,review_needed,False,,unknown,,review,False
disturbance_sensitivity/Fiber10/3.JPG,.jpg,352.4,2026-04-27T04:33Z,other,review_needed,False,,unknown,,review,False
disturbance_sensitivity/Fiber10/4.JPG,.jpg,352.2,2026-04-27T04:33Z,other,review_needed,False,,unknown,,review,False
disturbance_sensitivity/Fiber10/5.JPG,.jpg,353.0,2026-04-27T04:34Z,other,review_needed,False,,unknown,,review,False
disturbance_sensitivity/Fiber11/1.JPG,.jpg,483.9,2026-04-27T04:42Z,other,review_needed,False,,unknown,,review,False
disturbance_sensitivity/Fiber11/2.JPG,.jpg,484.9,2026-04-27T04:43Z,other,review_needed,False,,unknown,,review,False
disturbance_sensitivity/Fiber11/3.JPG,.jpg,485.2,2026-04-27T04:43Z,other,review_needed,False,,unknown,,review,False
disturbance_sensitivity/Fiber11/4.JPG,.jpg,485.5,2026-04-27T04:44Z,other,review_needed,False,,unknown,,review,False
disturbance_sensitivity/Fiber11/5.JPG,.jpg,485.4,2026-04-27T04:44Z,other,review_needed,False,,unknown,,review,False
disturbance_sensitivity/Fiber12/1.JPG,.jpg,468.6,2026-04-27T04:55Z,other,review_needed,False,,unknown,,review,False
disturbance_sensitivity/Fiber12/2.JPG,.jpg,468.0,2026-04-27T04:55Z,other,review_needed,False,,unknown,,review,False
disturbance_sensitivity/Fiber12/3.JPG,.jpg,468.4,2026-04-27T04:56Z,other,review_needed,False,,unknown,,review,False
disturbance_sensitivity/Fiber12/4.JPG,.jpg,469.9,2026-04-27T04:56Z,other,review_needed,False,,unknown,,review,False
disturbance_sensitivity/Fiber12/5.JPG,.jpg,469.2,2026-04-27T04:56Z,other,review_needed,False,,unknown,,review,False
disturbance_sensitivity/Fiber13/1.JPG,.jpg,444.8,2026-04-27T05:02Z,other,review_needed,False,,unknown,,review,False
disturbance_sensitivity/Fiber13/2.JPG,.jpg,445.5,2026-04-27T05:02Z,other,review_needed,False,,unknown,,review,False
disturbance_sensitivity/Fiber13/3.JPG,.jpg,446.6,2026-04-27T05:02Z,other,review_needed,False,,unknown,,review,False
disturbance_sensitivity/Fiber13/4.JPG,.jpg,444.1,2026-04-27T05:03Z,other,review_needed,False,,unknown,,review,False
disturbance_sensitivity/Fiber13/5.JPG,.jpg,445.6,2026-04-27T05:03Z,other,review_needed,False,,unknown,,review,False
disturbance_sensitivity/Fiber14/1.JPG,.jpg,413.3,2026-04-27T12:44Z,other,review_needed,False,,unknown,,review,False
disturbance_sensitivity/Fiber14/2.JPG,.jpg,412.9,2026-04-27T12:44Z,other,review_needed,False,,unknown,,review,False
disturbance_sensitivity/Fiber14/3.JPG,.jpg,411.8,2026-04-27T12:45Z,other,review_needed,False,,unknown,,review,False
disturbance_sensitivity/Fiber14/4.JPG,.jpg,411.8,2026-04-27T12:45Z,other,review_needed,False,,unknown,,review,False
disturbance_sensitivity/Fiber14/5.JPG,.jpg,411.9,2026-04-27T12:45Z,other,review_needed,False,,unknown,,review,False
disturbance_sensitivity/Fiber15/1.JPG,.jpg,352.9,2026-04-27T12:30Z,other,review_needed,False,,unknown,,review,False
disturbance_sensitivity/Fiber15/2.JPG,.jpg,352.3,2026-04-27T12:30Z,other,review_needed,False,,unknown,,review,False
disturbance_sensitivity/Fiber15/3.JPG,.jpg,352.5,2026-04-27T12:31Z,other,review_needed,False,,unknown,,review,False
disturbance_sensitivity/Fiber15/4.JPG,.jpg,351.8,2026-04-27T12:31Z,other,review_needed,False,,unknown,,review,False
disturbance_sensitivity/Fiber15/5.JPG,.jpg,352.3,2026-04-27T12:31Z,other,review_needed,False,,unknown,,review,False
disturbance_sensitivity/Fiber2/1.JPG,.jpg,407.6,2026-04-26T13:16Z,other,review_needed,False,,unknown,,review,False
disturbance_sensitivity/Fiber2/2.JPG,.jpg,406.6,2026-04-26T13:17Z,other,review_needed,False,,unknown,,review,False
disturbance_sensitivity/Fiber2/3.JPG,.jpg,405.4,2026-04-26T13:17Z,other,review_needed,False,,unknown,,review,False
disturbance_sensitivity/Fiber2/4.JPG,.jpg,405.1,2026-04-26T13:17Z,other,review_needed,False,,unknown,,review,False
disturbance_sensitivity/Fiber2/5.JPG,.jpg,406.1,2026-04-26T13:18Z,other,review_needed,False,,unknown,,review,False
disturbance_sensitivity/Fiber3/1.JPG,.jpg,376.5,2026-04-26T14:01Z,other,review_needed,False,,unknown,,review,False
disturbance_sensitivity/Fiber3/2.JPG,.jpg,375.8,2026-04-26T14:01Z,other,review_needed,False,,unknown,,review,False
disturbance_sensitivity/Fiber3/3.JPG,.jpg,376.1,2026-04-26T14:01Z,other,review_needed,False,,unknown,,review,False
disturbance_sensitivity/Fiber3/4.JPG,.jpg,376.9,2026-04-26T14:02Z,other,review_needed,False,,unknown,,review,False
disturbance_sensitivity/Fiber3/5.JPG,.jpg,376.1,2026-04-26T14:02Z,other,review_needed,False,,unknown,,review,False
disturbance_sensitivity/Fiber4/1.JPG,.jpg,350.6,2026-04-26T15:08Z,other,review_needed,False,,unknown,,review,False
disturbance_sensitivity/Fiber4/2.JPG,.jpg,349.6,2026-04-26T15:08Z,other,review_needed,False,,unknown,,review,False
disturbance_sensitivity/Fiber4/3.JPG,.jpg,349.5,2026-04-26T15:08Z,other,review_needed,False,,unknown,,review,False
disturbance_sensitivity/Fiber4/4.JPG,.jpg,350.1,2026-04-26T15:09Z,other,review_needed,False,,unknown,,review,False
disturbance_sensitivity/Fiber4/5.JPG,.jpg,351.2,2026-04-26T15:09Z,other,review_needed,False,,unknown,,review,False
disturbance_sensitivity/Fiber5/1.JPG,.jpg,365.4,2026-04-26T14:20Z,other,review_needed,False,,unknown,,review,False
disturbance_sensitivity/Fiber5/2.JPG,.jpg,363.0,2026-04-26T14:20Z,other,review_needed,False,,unknown,,review,False
disturbance_sensitivity/Fiber5/3.JPG,.jpg,364.2,2026-04-26T14:21Z,other,review_needed,False,,unknown,,review,False
disturbance_sensitivity/Fiber5/4.JPG,.jpg,363.1,2026-04-26T14:21Z,other,review_needed,False,,unknown,,review,False
disturbance_sensitivity/Fiber5/5.JPG,.jpg,362.5,2026-04-26T14:21Z,other,review_needed,False,,unknown,,review,False
disturbance_sensitivity/Fiber6/1.JPG,.jpg,408.9,2026-04-26T14:35Z,other,review_needed,False,,unknown,,review,False
disturbance_sensitivity/Fiber6/2.JPG,.jpg,407.6,2026-04-26T14:35Z,other,review_needed,False,,unknown,,review,False
disturbance_sensitivity/Fiber6/3.JPG,.jpg,405.0,2026-04-26T14:35Z,other,review_needed,False,,unknown,,review,False
disturbance_sensitivity/Fiber6/4.JPG,.jpg,408.0,2026-04-26T14:36Z,other,review_needed,False,,unknown,,review,False
disturbance_sensitivity/Fiber6/5.JPG,.jpg,406.4,2026-04-26T14:36Z,other,review_needed,False,,unknown,,review,False
disturbance_sensitivity/Fiber7/1.JPG,.jpg,363.5,2026-04-26T14:49Z,other,review_needed,False,,unknown,,review,False
disturbance_sensitivity/Fiber7/2.JPG,.jpg,363.9,2026-04-26T14:50Z,other,review_needed,False,,unknown,,review,False
disturbance_sensitivity/Fiber7/3.JPG,.jpg,364.6,2026-04-26T14:50Z,other,review_needed,False,,unknown,,review,False
disturbance_sensitivity/Fiber7/4.JPG,.jpg,364.6,2026-04-26T14:50Z,other,review_needed,False,,unknown,,review,False
disturbance_sensitivity/Fiber7/5.JPG,.jpg,364.8,2026-04-26T14:51Z,other,review_needed,False,,unknown,,review,False
disturbance_sensitivity/Fiber8/1.JPG,.jpg,464.1,2026-04-27T04:00Z,other,review_needed,False,,unknown,,review,False
disturbance_sensitivity/Fiber8/2.JPG,.jpg,465.4,2026-04-27T04:00Z,other,review_needed,False,,unknown,,review,False
disturbance_sensitivity/Fiber8/3.JPG,.jpg,466.5,2026-04-27T04:01Z,other,review_needed,False,,unknown,,review,False
disturbance_sensitivity/Fiber8/4.JPG,.jpg,465.5,2026-04-27T04:01Z,other,review_needed,False,,unknown,,review,False
disturbance_sensitivity/Fiber8/5.JPG,.jpg,465.8,2026-04-27T04:01Z,other,review_needed,False,,unknown,,review,False
disturbance_sensitivity/Fiber9/1.JPG,.jpg,419.2,2026-04-27T04:16Z,other,review_needed,False,,unknown,,review,False
disturbance_sensitivity/Fiber9/2.JPG,.jpg,420.4,2026-04-27T04:16Z,other,review_needed,False,,unknown,,review,False
disturbance_sensitivity/Fiber9/3.JPG,.jpg,419.3,2026-04-27T04:17Z,other,review_needed,False,,unknown,,review,False
disturbance_sensitivity/Fiber9/4.JPG,.jpg,420.4,2026-04-27T04:17Z,other,review_needed,False,,unknown,,review,False
disturbance_sensitivity/Fiber9/5.JPG,.jpg,420.4,2026-04-27T04:17Z,other,review_needed,False,,unknown,,review,False
experiment_archive/2026-05-12_1521_puf_paper_current/figures/fig_auth_gap.pdf,.pdf,27.9,2026-05-05T07:56Z,gui_debug_or_archive,non_paper_or_legacy,False,scripts/make_paper_figures.py,results/fiber_auth/auth_matrix.json; results/*/test_predictions.csv,,supplementary_fig8_or_archive,False
experiment_archive/2026-05-12_1521_puf_paper_current/figures/fig_auth_gap.png,.png,209.6,2026-05-05T07:56Z,gui_debug_or_archive,non_paper_or_legacy,False,scripts/make_paper_figures.py,results/fiber_auth/auth_matrix.json; results/*/test_predictions.csv,,supplementary_fig8_or_archive,False
experiment_archive/2026-05-12_1521_puf_paper_current/figures/fig_auth_gap.svg,.svg,71.4,2026-05-05T07:56Z,gui_debug_or_archive,non_paper_or_legacy,False,scripts/make_paper_figures.py,results/fiber_auth/auth_matrix.json; results/*/test_predictions.csv,,supplementary_fig8_or_archive,False
experiment_archive/2026-05-12_1521_puf_paper_current/figures/fig_auth_matrix.pdf,.pdf,30.6,2026-05-05T07:56Z,gui_debug_or_archive,non_paper_or_legacy,False,scripts/make_paper_figures.py,results/fiber_auth/auth_matrix.json; results/*/test_predictions.csv,,supplementary_fig8_or_archive,False
experiment_archive/2026-05-12_1521_puf_paper_current/figures/fig_auth_matrix.png,.png,203.9,2026-05-05T07:56Z,gui_debug_or_archive,non_paper_or_legacy,False,scripts/make_paper_figures.py,results/fiber_auth/auth_matrix.json; results/*/test_predictions.csv,,supplementary_fig8_or_archive,False
experiment_archive/2026-05-12_1521_puf_paper_current/figures/fig_auth_matrix.svg,.svg,78.1,2026-05-05T07:56Z,gui_debug_or_archive,non_paper_or_legacy,False,scripts/make_paper_figures.py,results/fiber_auth/auth_matrix.json; results/*/test_predictions.csv,,supplementary_fig8_or_archive,False
experiment_archive/2026-05-12_1521_puf_paper_current/figures/fig_auth_scores.pdf,.pdf,20.2,2026-05-05T07:56Z,gui_debug_or_archive,non_paper_or_legacy,False,scripts/make_paper_figures.py,results/fiber_auth/auth_matrix.json; results/*/test_predictions.csv,,supplementary_fig8_or_archive,False
experiment_archive/2026-05-12_1521_puf_paper_current/figures/fig_auth_scores.png,.png,180.1,2026-05-05T07:56Z,gui_debug_or_archive,non_paper_or_legacy,False,scripts/make_paper_figures.py,results/fiber_auth/auth_matrix.json; results/*/test_predictions.csv,,supplementary_fig8_or_archive,False
experiment_archive/2026-05-12_1521_puf_paper_current/figures/fig_auth_scores.svg,.svg,55.6,2026-05-05T07:56Z,gui_debug_or_archive,non_paper_or_legacy,False,scripts/make_paper_figures.py,results/fiber_auth/auth_matrix.json; results/*/test_predictions.csv,,supplementary_fig8_or_archive,False
experiment_archive/2026-05-12_1521_puf_paper_current/figures/fig_green_length_entropy_per_length.png,.png,159.7,2026-05-05T07:51Z,gui_debug_or_archive,non_paper_or_legacy,False,scripts/make_paper_figures.py,unknown,,supplementary_fig8_or_archive,False
experiment_archive/2026-05-12_1521_puf_paper_current/figures/fig_green_length_intensity_histogram.png,.png,314.0,2026-05-05T07:51Z,gui_debug_or_archive,non_paper_or_legacy,False,scripts/make_paper_figures.py,unknown,,supplementary_fig8_or_archive,False
experiment_archive/2026-05-12_1521_puf_paper_current/figures/fig_green_length_intra_inter_by_length.png,.png,227.3,2026-05-05T07:56Z,gui_debug_or_archive,non_paper_or_legacy,False,scripts/make_paper_figures.py,unknown,,supplementary_fig8_or_archive,False
experiment_archive/2026-05-12_1521_puf_paper_current/figures/fig_green_length_speckle_montage.png,.png,19212.5,2026-05-05T07:51Z,gui_debug_or_archive,non_paper_or_legacy,False,scripts/make_paper_figures.py,unknown,,supplementary_fig8_or_archive,False
experiment_archive/2026-05-12_1521_puf_paper_current/figures/fig_ncc_hd.pdf,.pdf,23.4,2026-05-05T08:05Z,gui_debug_or_archive,non_paper_or_legacy,False,scripts/make_paper_figures.py,unknown,,supplementary_fig8_or_archive,False
experiment_archive/2026-05-12_1521_puf_paper_current/figures/fig_ncc_hd.png,.png,181.4,2026-05-05T08:05Z,gui_debug_or_archive,non_paper_or_legacy,False,scripts/make_paper_figures.py,unknown,,supplementary_fig8_or_archive,False
experiment_archive/2026-05-12_1521_puf_paper_current/figures/fig_ncc_hd.svg,.svg,105.4,2026-05-05T08:05Z,gui_debug_or_archive,non_paper_or_legacy,False,scripts/make_paper_figures.py,unknown,,supplementary_fig8_or_archive,False
experiment_archive/2026-05-12_1521_puf_paper_current/figures/fig_same_fiber_per_domain.pdf,.pdf,15.8,2026-05-05T07:56Z,gui_debug_or_archive,non_paper_or_legacy,False,scripts/make_paper_figures.py,unknown,,supplementary_fig8_or_archive,False
experiment_archive/2026-05-12_1521_puf_paper_current/figures/fig_same_fiber_per_domain.png,.png,126.7,2026-05-05T07:56Z,gui_debug_or_archive,non_paper_or_legacy,False,scripts/make_paper_figures.py,unknown,,supplementary_fig8_or_archive,False
experiment_archive/2026-05-12_1521_puf_paper_current/figures/fig_same_fiber_per_domain.svg,.svg,39.4,2026-05-05T07:56Z,gui_debug_or_archive,non_paper_or_legacy,False,scripts/make_paper_figures.py,unknown,,supplementary_fig8_or_archive,False
experiment_archive/2026-05-12_1521_puf_paper_current/figures/fig_speckle_examples.pdf,.pdf,4314.0,2026-05-05T07:56Z,gui_debug_or_archive,non_paper_or_legacy,False,scripts/make_paper_figures.py,unknown,,supplementary_fig8_or_archive,False
experiment_archive/2026-05-12_1521_puf_paper_current/figures/fig_speckle_examples.png,.png,4961.8,2026-05-05T07:56Z,gui_debug_or_archive,non_paper_or_legacy,False,scripts/make_paper_figures.py,unknown,,supplementary_fig8_or_archive,False
experiment_archive/2026-05-12_1521_puf_paper_current/figures/fig_speckle_examples.svg,.svg,6324.9,2026-05-05T07:56Z,gui_debug_or_archive,non_paper_or_legacy,False,scripts/make_paper_figures.py,unknown,,supplementary_fig8_or_archive,False
experiment_archive/2026-05-12_1521_puf_paper_current/figures/fig_test_accuracy_summary.pdf,.pdf,19.0,2026-05-05T07:59Z,gui_debug_or_archive,non_paper_or_legacy,False,scripts/make_paper_figures.py,results/fiber_auth/auth_matrix.json; results/*/test_predictions.csv,,supplementary_fig8_or_archive,False
experiment_archive/2026-05-12_1521_puf_paper_current/figures/fig_test_accuracy_summary.png,.png,94.1,2026-05-05T07:59Z,gui_debug_or_archive,non_paper_or_legacy,False,scripts/make_paper_figures.py,results/fiber_auth/auth_matrix.json; results/*/test_predictions.csv,,supplementary_fig8_or_archive,False
experiment_archive/2026-05-12_1521_puf_paper_current/figures/fig_test_accuracy_summary.svg,.svg,33.0,2026-05-05T07:59Z,gui_debug_or_archive,non_paper_or_legacy,False,scripts/make_paper_figures.py,results/fiber_auth/auth_matrix.json; results/*/test_predictions.csv,,supplementary_fig8_or_archive,False
experiment_archive/2026-05-12_1521_puf_paper_current/figures/fig_training_curves.pdf,.pdf,19.0,2026-05-05T07:59Z,gui_debug_or_archive,non_paper_or_legacy,False,scripts/make_paper_figures.py,unknown,,supplementary_fig8_or_archive,False
experiment_archive/2026-05-12_1521_puf_paper_current/figures/fig_training_curves.png,.png,274.8,2026-05-05T07:59Z,gui_debug_or_archive,non_paper_or_legacy,False,scripts/make_paper_figures.py,unknown,,supplementary_fig8_or_archive,False
experiment_archive/2026-05-12_1521_puf_paper_current/figures/fig_training_curves.svg,.svg,43.6,2026-05-05T07:59Z,gui_debug_or_archive,non_paper_or_legacy,False,scripts/make_paper_figures.py,unknown,,supplementary_fig8_or_archive,False
experiment_archive/2026-05-12_1521_puf_paper_current/figures/new_datasets_analysis/disturbance_sensitivity_analysis.pdf,.pdf,34.8,2026-05-05T07:51Z,gui_debug_or_archive,non_paper_or_legacy,False,scripts/analyze_new_datasets.py,long_term_stability/; disturbance_sensitivity/; power_common_mode/,,supplementary_fig8_or_archive,False
experiment_archive/2026-05-12_1521_puf_paper_current/figures/new_datasets_analysis/disturbance_sensitivity_analysis.png,.png,282.7,2026-05-05T07:51Z,gui_debug_or_archive,non_paper_or_legacy,False,scripts/analyze_new_datasets.py,long_term_stability/; disturbance_sensitivity/; power_common_mode/,,supplementary_fig8_or_archive,False
experiment_archive/2026-05-12_1521_puf_paper_current/figures/new_datasets_analysis/long_term_stability_analysis.pdf,.pdf,26.2,2026-05-05T07:51Z,gui_debug_or_archive,non_paper_or_legacy,False,scripts/analyze_new_datasets.py,long_term_stability/; disturbance_sensitivity/; power_common_mode/,,supplementary_fig8_or_archive,False
experiment_archive/2026-05-12_1521_puf_paper_current/figures/new_datasets_analysis/long_term_stability_analysis.png,.png,200.0,2026-05-05T07:51Z,gui_debug_or_archive,non_paper_or_legacy,False,scripts/analyze_new_datasets.py,long_term_stability/; disturbance_sensitivity/; power_common_mode/,,supplementary_fig8_or_archive,False
experiment_archive/2026-05-12_1521_puf_paper_current/figures/new_datasets_analysis/power_common_mode_analysis.pdf,.pdf,24.6,2026-05-05T07:51Z,gui_debug_or_archive,non_paper_or_legacy,False,scripts/analyze_new_datasets.py,long_term_stability/; disturbance_sensitivity/; power_common_mode/,,supplementary_fig8_or_archive,False
experiment_archive/2026-05-12_1521_puf_paper_current/figures/new_datasets_analysis/power_common_mode_analysis.png,.png,245.0,2026-05-05T07:51Z,gui_debug_or_archive,non_paper_or_legacy,False,scripts/analyze_new_datasets.py,long_term_stability/; disturbance_sensitivity/; power_common_mode/,,supplementary_fig8_or_archive,False
experiment_archive/2026-05-12_1521_puf_paper_current/figures/patent/fig1_system.png,.png,57.2,2026-04-27T08:29Z,gui_debug_or_archive,non_paper_or_legacy,False,,hand-authored / Blender render,,supplementary_fig8_or_archive,False
experiment_archive/2026-05-12_1521_puf_paper_current/figures/patent/fig2_modes.png,.png,99.6,2026-04-27T08:29Z,gui_debug_or_archive,non_paper_or_legacy,False,,hand-authored / Blender render,,supplementary_fig8_or_archive,False
experiment_archive/2026-05-12_1521_puf_paper_current/figures/patent/fig3_cmr.png,.png,97.5,2026-04-27T08:29Z,gui_debug_or_archive,non_paper_or_legacy,False,,hand-authored / Blender render,,supplementary_fig8_or_archive,False
experiment_archive/2026-05-12_1521_puf_paper_current/figures/patent/fig4_flowchart.png,.png,73.7,2026-04-27T08:29Z,gui_debug_or_archive,non_paper_or_legacy,False,,hand-authored / Blender render,,supplementary_fig8_or_archive,False
experiment_archive/2026-05-12_1521_puf_paper_current/figures/patent/optical_path_clean.png,.png,555.5,2026-04-27T12:31Z,gui_debug_or_archive,non_paper_or_legacy,False,,hand-authored / Blender render,,supplementary_fig8_or_archive,False
experiment_archive/2026-05-12_1521_puf_paper_current/figures/patent/optical_path_render.png,.png,409.8,2026-04-27T12:31Z,gui_debug_or_archive,non_paper_or_legacy,False,,hand-authored / Blender render,,supplementary_fig8_or_archive,False
experiment_archive/2026-05-12_1521_puf_paper_current/figures/softcopyright/screenshot_camera_permission.png,.png,44.2,2026-05-10T18:10Z,gui_debug_or_archive,non_paper_or_legacy,False,,unknown,,supplementary_fig8_or_archive,False
experiment_archive/2026-05-12_1521_puf_paper_current/figures/softcopyright/screenshot_dialog_load_video.png,.png,886.0,2026-05-10T18:10Z,gui_debug_or_archive,non_paper_or_legacy,False,,unknown,,supplementary_fig8_or_archive,False
experiment_archive/2026-05-12_1521_puf_paper_current/figures/softcopyright/screenshot_slm_window.png,.png,442.8,2026-05-10T18:10Z,gui_debug_or_archive,non_paper_or_legacy,False,,unknown,,supplementary_fig8_or_archive,False
experiment_archive/2026-05-12_1521_puf_paper_current/figures/softcopyright/screenshot_step_access_denied.png,.png,925.2,2026-05-10T18:10Z,gui_debug_or_archive,non_paper_or_legacy,False,,unknown,,supplementary_fig8_or_archive,False
experiment_archive/2026-05-12_1521_puf_paper_current/figures/softcopyright/screenshot_step_access_granted.png,.png,944.0,2026-05-10T18:10Z,gui_debug_or_archive,non_paper_or_legacy,False,,unknown,,supplementary_fig8_or_archive,False
experiment_archive/2026-05-12_1521_puf_paper_current/figures/softcopyright/screenshot_step_camera_on.png,.png,875.3,2026-05-10T18:10Z,gui_debug_or_archive,non_paper_or_legacy,False,,unknown,,supplementary_fig8_or_archive,False
experiment_archive/2026-05-12_1521_puf_paper_current/figures/softcopyright/screenshot_step_home.png,.png,220.3,2026-05-10T18:10Z,gui_debug_or_archive,non_paper_or_legacy,False,,unknown,,supplementary_fig8_or_archive,False
experiment_archive/2026-05-12_1521_puf_paper_current/figures/softcopyright/screenshot_step_model_loaded.png,.png,855.9,2026-05-10T18:10Z,gui_debug_or_archive,non_paper_or_legacy,False,,unknown,,supplementary_fig8_or_archive,False
experiment_archive/2026-05-12_1521_puf_paper_current/figures/softcopyright/screenshot_step_reading_puf.png,.png,940.4,2026-05-10T18:10Z,gui_debug_or_archive,non_paper_or_legacy,False,,unknown,,supplementary_fig8_or_archive,False
experiment_archive/2026-05-12_1521_puf_paper_current/figures/softcopyright/screenshot_step_recognition_off.png,.png,861.0,2026-05-10T18:10Z,gui_debug_or_archive,non_paper_or_legacy,False,,unknown,,supplementary_fig8_or_archive,False
experiment_archive/2026-05-12_1521_puf_paper_current/figures/softcopyright/screenshot_step_scan_cameras.png,.png,220.4,2026-05-10T18:10Z,gui_debug_or_archive,non_paper_or_legacy,False,,unknown,,supplementary_fig8_or_archive,False
experiment_archive/2026-05-12_1521_puf_paper_current/figures/softcopyright/screenshot_step_stop_camera.png,.png,230.4,2026-05-10T18:10Z,gui_debug_or_archive,non_paper_or_legacy,False,,unknown,,supplementary_fig8_or_archive,False
experiment_archive/2026-05-12_1521_puf_paper_current/figures_publication/publication_fig02_speckle_response.pdf,.pdf,2958.0,2026-05-05T08:45Z,gui_debug_or_archive,non_paper_or_legacy,False,scripts/make_publication_figures.py,unknown,,supplementary_fig8_or_archive,False
experiment_archive/2026-05-12_1521_puf_paper_current/figures_publication/publication_fig02_speckle_response.png,.png,3862.9,2026-05-05T08:45Z,gui_debug_or_archive,non_paper_or_legacy,False,scripts/make_publication_figures.py,unknown,,supplementary_fig8_or_archive,False
experiment_archive/2026-05-12_1521_puf_paper_current/figures_publication/publication_fig02_speckle_response.svg,.svg,4944.9,2026-05-05T08:45Z,gui_debug_or_archive,non_paper_or_legacy,False,scripts/make_publication_figures.py,unknown,,supplementary_fig8_or_archive,False
experiment_archive/2026-05-12_1521_puf_paper_current/figures_publication/publication_fig02_speckle_response_pseudocolor.pdf,.pdf,7051.3,2026-05-05T08:45Z,gui_debug_or_archive,non_paper_or_legacy,False,scripts/make_publication_figures.py,unknown,,supplementary_fig8_or_archive,False
experiment_archive/2026-05-12_1521_puf_paper_current/figures_publication/publication_fig02_speckle_response_pseudocolor.png,.png,8051.3,2026-05-05T08:45Z,gui_debug_or_archive,non_paper_or_legacy,False,scripts/make_publication_figures.py,unknown,,supplementary_fig8_or_archive,False
experiment_archive/2026-05-12_1521_puf_paper_current/figures_publication/publication_fig02_speckle_response_pseudocolor.svg,.svg,10522.5,2026-05-05T08:45Z,gui_debug_or_archive,non_paper_or_legacy,False,scripts/make_publication_figures.py,unknown,,supplementary_fig8_or_archive,False
experiment_archive/2026-05-12_1521_puf_paper_current/figures_publication/publication_fig03_length_optimization.pdf,.pdf,77.0,2026-05-05T08:45Z,gui_debug_or_archive,non_paper_or_legacy,False,scripts/make_publication_figures.py,unknown,,supplementary_fig8_or_archive,False
experiment_archive/2026-05-12_1521_puf_paper_current/figures_publication/publication_fig03_length_optimization.png,.png,535.3,2026-05-05T08:45Z,gui_debug_or_archive,non_paper_or_legacy,False,scripts/make_publication_figures.py,unknown,,supplementary_fig8_or_archive,False
experiment_archive/2026-05-12_1521_puf_paper_current/figures_publication/publication_fig03_length_optimization.svg,.svg,162.1,2026-05-05T08:45Z,gui_debug_or_archive,non_paper_or_legacy,False,scripts/make_publication_figures.py,unknown,,supplementary_fig8_or_archive,False
experiment_archive/2026-05-12_1521_puf_paper_current/figures_publication/publication_fig04_cross_fiber_auth.pdf,.pdf,36.1,2026-05-05T08:45Z,gui_debug_or_archive,non_paper_or_legacy,False,scripts/make_publication_figures.py,results/fiber_auth/auth_matrix.json; results/*/test_predictions.csv,,supplementary_fig8_or_archive,False
experiment_archive/2026-05-12_1521_puf_paper_current/figures_publication/publication_fig04_cross_fiber_auth.png,.png,498.4,2026-05-05T08:45Z,gui_debug_or_archive,non_paper_or_legacy,False,scripts/make_publication_figures.py,results/fiber_auth/auth_matrix.json; results/*/test_predictions.csv,,supplementary_fig8_or_archive,False
experiment_archive/2026-05-12_1521_puf_paper_current/figures_publication/publication_fig04_cross_fiber_auth.svg,.svg,122.4,2026-05-05T08:45Z,gui_debug_or_archive,non_paper_or_legacy,False,scripts/make_publication_figures.py,results/fiber_auth/auth_matrix.json; results/*/test_predictions.csv,,supplementary_fig8_or_archive,False
experiment_archive/2026-05-12_1521_puf_paper_current/figures_publication/publication_fig05_dual_channel_robustness.pdf,.pdf,32.7,2026-05-05T08:45Z,gui_debug_or_archive,non_paper_or_legacy,False,scripts/make_publication_figures.py,unknown,,supplementary_fig8_or_archive,False
experiment_archive/2026-05-12_1521_puf_paper_current/figures_publication/publication_fig05_dual_channel_robustness.png,.png,494.2,2026-05-05T08:45Z,gui_debug_or_archive,non_paper_or_legacy,False,scripts/make_publication_figures.py,unknown,,supplementary_fig8_or_archive,False
experiment_archive/2026-05-12_1521_puf_paper_current/figures_publication/publication_fig05_dual_channel_robustness.svg,.svg,99.8,2026-05-05T08:45Z,gui_debug_or_archive,non_paper_or_legacy,False,scripts/make_publication_figures.py,unknown,,supplementary_fig8_or_archive,False
experiment_archive/2026-05-12_1521_puf_paper_current/figures_publication/supplementary_fig_s1_ncc_hd.pdf,.pdf,22.1,2026-05-05T08:47Z,gui_debug_or_archive,non_paper_or_legacy,False,scripts/make_publication_figures.py,unknown,,supplementary_fig8_or_archive,False
experiment_archive/2026-05-12_1521_puf_paper_current/figures_publication/supplementary_fig_s1_ncc_hd.png,.png,172.3,2026-05-05T08:47Z,gui_debug_or_archive,non_paper_or_legacy,False,scripts/make_publication_figures.py,unknown,,supplementary_fig8_or_archive,False
experiment_archive/2026-05-12_1521_puf_paper_current/figures_publication/supplementary_fig_s1_ncc_hd.svg,.svg,88.4,2026-05-05T08:47Z,gui_debug_or_archive,non_paper_or_legacy,False,scripts/make_publication_figures.py,unknown,,supplementary_fig8_or_archive,False
experiment_archive/2026-05-12_1521_puf_paper_current/figures_publication/supplementary_fig_s2_reinstallation_robustness.pdf,.pdf,20.8,2026-05-05T08:47Z,gui_debug_or_archive,non_paper_or_legacy,False,scripts/make_publication_figures.py,unknown,,supplementary_fig8_or_archive,False
experiment_archive/2026-05-12_1521_puf_paper_current/figures_publication/supplementary_fig_s2_reinstallation_robustness.png,.png,160.4,2026-05-05T08:47Z,gui_debug_or_archive,non_paper_or_legacy,False,scripts/make_publication_figures.py,unknown,,supplementary_fig8_or_archive,False
experiment_archive/2026-05-12_1521_puf_paper_current/figures_publication/supplementary_fig_s2_reinstallation_robustness.svg,.svg,42.0,2026-05-05T08:47Z,gui_debug_or_archive,non_paper_or_legacy,False,scripts/make_publication_figures.py,unknown,,supplementary_fig8_or_archive,False
experiment_archive/2026-05-12_1521_puf_paper_current/results/fiber1/confusion_matrix.png,.png,67.4,2026-04-13T15:06Z,gui_debug_or_archive,non_paper_or_legacy,False,,unknown,,supplementary_fig8_or_archive,False
experiment_archive/2026-05-12_1521_puf_paper_current/results/fiber1/loss_acc_curve.png,.png,50.7,2026-04-13T15:06Z,gui_debug_or_archive,non_paper_or_legacy,False,,unknown,,supplementary_fig8_or_archive,False
experiment_archive/2026-05-12_1521_puf_paper_current/results/fiber2/confusion_matrix.png,.png,67.8,2026-04-13T15:14Z,gui_debug_or_archive,non_paper_or_legacy,False,,unknown,,supplementary_fig8_or_archive,False
experiment_archive/2026-05-12_1521_puf_paper_current/results/fiber2/loss_acc_curve.png,.png,56.8,2026-04-13T15:14Z,gui_debug_or_archive,non_paper_or_legacy,False,,unknown,,supplementary_fig8_or_archive,False
experiment_archive/2026-05-12_1521_puf_paper_current/results/fiber3/confusion_matrix.png,.png,67.7,2026-04-13T15:22Z,gui_debug_or_archive,non_paper_or_legacy,False,,unknown,,supplementary_fig8_or_archive,False
experiment_archive/2026-05-12_1521_puf_paper_current/results/fiber3/loss_acc_curve.png,.png,54.1,2026-04-13T15:22Z,gui_debug_or_archive,non_paper_or_legacy,False,,unknown,,supplementary_fig8_or_archive,False
experiment_archive/2026-05-12_1521_puf_paper_current/results/fiber4/confusion_matrix.png,.png,67.5,2026-04-13T15:31Z,gui_debug_or_archive,non_paper_or_legacy,False,,unknown,,supplementary_fig8_or_archive,False
experiment_archive/2026-05-12_1521_puf_paper_current/results/fiber4/loss_acc_curve.png,.png,56.2,2026-04-13T15:31Z,gui_debug_or_archive,non_paper_or_legacy,False,,unknown,,supplementary_fig8_or_archive,False
experiment_archive/2026-05-12_1521_puf_paper_current/results/fiber5/confusion_matrix.png,.png,67.7,2026-04-13T15:41Z,gui_debug_or_archive,non_paper_or_legacy,False,,unknown,,supplementary_fig8_or_archive,False
experiment_archive/2026-05-12_1521_puf_paper_current/results/fiber5/loss_acc_curve.png,.png,57.2,2026-04-13T15:41Z,gui_debug_or_archive,non_paper_or_legacy,False,,unknown,,supplementary_fig8_or_archive,False
experiment_archive/2026-05-12_1521_puf_paper_current/results/length_optimization_green/figures/entropy_vs_length.pdf,.pdf,23.8,2026-04-25T06:44Z,gui_debug_or_archive,non_paper_or_legacy,False,,unknown,,supplementary_fig8_or_archive,False
experiment_archive/2026-05-12_1521_puf_paper_current/results/length_optimization_green/figures/entropy_vs_length.png,.png,316.7,2026-04-25T06:44Z,gui_debug_or_archive,non_paper_or_legacy,False,,unknown,,supplementary_fig8_or_archive,False
experiment_archive/2026-05-12_1521_puf_paper_current/results/length_optimization_green/figures/entropy_vs_length.svg,.svg,52.1,2026-04-25T06:44Z,gui_debug_or_archive,non_paper_or_legacy,False,,unknown,,supplementary_fig8_or_archive,False
experiment_archive/2026-05-12_1521_puf_paper_current/results/length_optimization_green/figures/figure2_combined.pdf,.pdf,26.6,2026-04-25T06:44Z,gui_debug_or_archive,non_paper_or_legacy,False,,unknown,,supplementary_fig8_or_archive,False
experiment_archive/2026-05-12_1521_puf_paper_current/results/length_optimization_green/figures/figure2_combined.png,.png,816.1,2026-04-25T06:44Z,gui_debug_or_archive,non_paper_or_legacy,False,,unknown,,supplementary_fig8_or_archive,False
experiment_archive/2026-05-12_1521_puf_paper_current/results/length_optimization_green/figures/figure2_combined.svg,.svg,109.6,2026-04-25T06:44Z,gui_debug_or_archive,non_paper_or_legacy,False,,unknown,,supplementary_fig8_or_archive,False
experiment_archive/2026-05-12_1521_puf_paper_current/results/length_optimization_green/figures/loss_vs_length.pdf,.pdf,23.7,2026-04-25T06:44Z,gui_debug_or_archive,non_paper_or_legacy,False,,unknown,,supplementary_fig8_or_archive,False
experiment_archive/2026-05-12_1521_puf_paper_current/results/length_optimization_green/figures/loss_vs_length.png,.png,187.5,2026-04-25T06:44Z,gui_debug_or_archive,non_paper_or_legacy,False,,unknown,,supplementary_fig8_or_archive,False
experiment_archive/2026-05-12_1521_puf_paper_current/results/length_optimization_green/figures/loss_vs_length.svg,.svg,55.0,2026-04-25T06:44Z,gui_debug_or_archive,non_paper_or_legacy,False,,unknown,,supplementary_fig8_or_archive,False
experiment_archive/2026-05-12_1521_puf_paper_current/results/length_optimization_green/figures/separability_vs_length.pdf,.pdf,25.1,2026-04-25T06:44Z,gui_debug_or_archive,non_paper_or_legacy,False,,unknown,,supplementary_fig8_or_archive,False
experiment_archive/2026-05-12_1521_puf_paper_current/results/length_optimization_green/figures/separability_vs_length.png,.png,385.0,2026-04-25T06:44Z,gui_debug_or_archive,non_paper_or_legacy,False,,unknown,,supplementary_fig8_or_archive,False
experiment_archive/2026-05-12_1521_puf_paper_current/results/length_optimization_green/figures/separability_vs_length.svg,.svg,67.8,2026-04-25T06:44Z,gui_debug_or_archive,non_paper_or_legacy,False,,unknown,,supplementary_fig8_or_archive,False
experiment_archive/2026-05-12_1521_puf_paper_current/results/length_optimization_green/figures/speckle_montage.pdf,.pdf,3802.0,2026-04-25T06:44Z,gui_debug_or_archive,non_paper_or_legacy,False,,unknown,,supplementary_fig8_or_archive,False
experiment_archive/2026-05-12_1521_puf_paper_current/results/length_optimization_green/figures/speckle_montage.png,.png,4574.3,2026-04-25T06:44Z,gui_debug_or_archive,non_paper_or_legacy,False,,unknown,,supplementary_fig8_or_archive,False
experiment_archive/2026-05-12_1521_puf_paper_current/results/length_optimization_green/figures/speckle_montage.svg,.svg,5918.7,2026-04-25T06:44Z,gui_debug_or_archive,non_paper_or_legacy,False,,unknown,,supplementary_fig8_or_archive,False
experiment_archive/2026-05-12_1521_puf_paper_current/results/length_optimize_current/figures/entropy_per_length.pdf,.pdf,20.7,2026-05-05T07:56Z,gui_debug_or_archive,non_paper_or_legacy,False,,unknown,deprecated_pipeline_output,archive_old / do_not_use_for_final_length_fig,False
experiment_archive/2026-05-12_1521_puf_paper_current/results/length_optimize_current/figures/entropy_per_length.png,.png,159.7,2026-05-05T07:56Z,gui_debug_or_archive,non_paper_or_legacy,False,,unknown,deprecated_pipeline_output,archive_old / do_not_use_for_final_length_fig,False
experiment_archive/2026-05-12_1521_puf_paper_current/results/length_optimize_current/figures/entropy_per_length.svg,.svg,37.3,2026-05-05T07:56Z,gui_debug_or_archive,non_paper_or_legacy,False,,unknown,deprecated_pipeline_output,archive_old / do_not_use_for_final_length_fig,False
experiment_archive/2026-05-12_1521_puf_paper_current/results/length_optimize_current/figures/intensity_histogram.pdf,.pdf,28.4,2026-05-05T07:56Z,gui_debug_or_archive,non_paper_or_legacy,False,,unknown,deprecated_pipeline_output,archive_old / do_not_use_for_final_length_fig,False
experiment_archive/2026-05-12_1521_puf_paper_current/results/length_optimize_current/figures/intensity_histogram.png,.png,314.0,2026-05-05T07:56Z,gui_debug_or_archive,non_paper_or_legacy,False,,unknown,deprecated_pipeline_output,archive_old / do_not_use_for_final_length_fig,False
experiment_archive/2026-05-12_1521_puf_paper_current/results/length_optimize_current/figures/intensity_histogram.svg,.svg,63.2,2026-05-05T07:56Z,gui_debug_or_archive,non_paper_or_legacy,False,,unknown,deprecated_pipeline_output,archive_old / do_not_use_for_final_length_fig,False
experiment_archive/2026-05-12_1521_puf_paper_current/results/length_optimize_current/figures/separability_per_length.pdf,.pdf,18.3,2026-05-05T07:56Z,gui_debug_or_archive,non_paper_or_legacy,False,,unknown,deprecated_pipeline_output,archive_old / do_not_use_for_final_length_fig,False
experiment_archive/2026-05-12_1521_puf_paper_current/results/length_optimize_current/figures/separability_per_length.png,.png,227.3,2026-05-05T07:56Z,gui_debug_or_archive,non_paper_or_legacy,False,,unknown,deprecated_pipeline_output,archive_old / do_not_use_for_final_length_fig,False
experiment_archive/2026-05-12_1521_puf_paper_current/results/length_optimize_current/figures/separability_per_length.svg,.svg,58.5,2026-05-05T07:56Z,gui_debug_or_archive,non_paper_or_legacy,False,,unknown,deprecated_pipeline_output,archive_old / do_not_use_for_final_length_fig,False
experiment_archive/2026-05-12_1521_puf_paper_current/results/length_optimize_current/figures/speckle_montage.pdf,.pdf,16751.4,2026-05-05T07:56Z,gui_debug_or_archive,non_paper_or_legacy,False,,unknown,deprecated_pipeline_output,archive_old / do_not_use_for_final_length_fig,False
experiment_archive/2026-05-12_1521_puf_paper_current/results/length_optimize_current/figures/speckle_montage.png,.png,19212.5,2026-05-05T07:56Z,gui_debug_or_archive,non_paper_or_legacy,False,,unknown,deprecated_pipeline_output,archive_old / do_not_use_for_final_length_fig,False
experiment_archive/2026-05-12_1521_puf_paper_current/results/length_optimize_current/figures/speckle_montage.svg,.svg,24872.8,2026-05-05T07:56Z,gui_debug_or_archive,non_paper_or_legacy,False,,unknown,deprecated_pipeline_output,archive_old / do_not_use_for_final_length_fig,False
experiment_archive/2026-05-12_1521_puf_paper_current/results/loss_analysis_32/figures/loss_mean_comparison.png,.png,31.3,2026-04-22T14:13Z,gui_debug_or_archive,non_paper_or_legacy,False,,unknown,,supplementary_fig8_or_archive,False
experiment_archive/2026-05-12_1521_puf_paper_current/results/loss_analysis_32/figures/loss_mean_comparison.svg,.svg,33.0,2026-04-22T14:13Z,gui_debug_or_archive,non_paper_or_legacy,False,,unknown,,supplementary_fig8_or_archive,False
experiment_archive/2026-05-12_1521_puf_paper_current/results/loss_analysis_32/figures/loss_per_fiber.png,.png,96.1,2026-04-22T14:13Z,gui_debug_or_archive,non_paper_or_legacy,False,,unknown,,supplementary_fig8_or_archive,False
experiment_archive/2026-05-12_1521_puf_paper_current/results/loss_analysis_32/figures/loss_per_fiber.svg,.svg,60.0,2026-04-22T14:13Z,gui_debug_or_archive,non_paper_or_legacy,False,,unknown,,supplementary_fig8_or_archive,False
experiment_archive/2026-05-12_1522_puf_paper_current/figures/fig_auth_gap.pdf,.pdf,27.9,2026-05-05T07:56Z,gui_debug_or_archive,non_paper_or_legacy,False,scripts/make_paper_figures.py,results/fiber_auth/auth_matrix.json; results/*/test_predictions.csv,,supplementary_fig8_or_archive,False
experiment_archive/2026-05-12_1522_puf_paper_current/figures/fig_auth_gap.png,.png,209.6,2026-05-05T07:56Z,gui_debug_or_archive,non_paper_or_legacy,False,scripts/make_paper_figures.py,results/fiber_auth/auth_matrix.json; results/*/test_predictions.csv,,supplementary_fig8_or_archive,False
experiment_archive/2026-05-12_1522_puf_paper_current/figures/fig_auth_gap.svg,.svg,71.4,2026-05-05T07:56Z,gui_debug_or_archive,non_paper_or_legacy,False,scripts/make_paper_figures.py,results/fiber_auth/auth_matrix.json; results/*/test_predictions.csv,,supplementary_fig8_or_archive,False
experiment_archive/2026-05-12_1522_puf_paper_current/figures/fig_auth_matrix.pdf,.pdf,30.6,2026-05-05T07:56Z,gui_debug_or_archive,non_paper_or_legacy,False,scripts/make_paper_figures.py,results/fiber_auth/auth_matrix.json; results/*/test_predictions.csv,,supplementary_fig8_or_archive,False
experiment_archive/2026-05-12_1522_puf_paper_current/figures/fig_auth_matrix.png,.png,203.9,2026-05-05T07:56Z,gui_debug_or_archive,non_paper_or_legacy,False,scripts/make_paper_figures.py,results/fiber_auth/auth_matrix.json; results/*/test_predictions.csv,,supplementary_fig8_or_archive,False
experiment_archive/2026-05-12_1522_puf_paper_current/figures/fig_auth_matrix.svg,.svg,78.1,2026-05-05T07:56Z,gui_debug_or_archive,non_paper_or_legacy,False,scripts/make_paper_figures.py,results/fiber_auth/auth_matrix.json; results/*/test_predictions.csv,,supplementary_fig8_or_archive,False
experiment_archive/2026-05-12_1522_puf_paper_current/figures/fig_auth_scores.pdf,.pdf,20.2,2026-05-05T07:56Z,gui_debug_or_archive,non_paper_or_legacy,False,scripts/make_paper_figures.py,results/fiber_auth/auth_matrix.json; results/*/test_predictions.csv,,supplementary_fig8_or_archive,False
experiment_archive/2026-05-12_1522_puf_paper_current/figures/fig_auth_scores.png,.png,180.1,2026-05-05T07:56Z,gui_debug_or_archive,non_paper_or_legacy,False,scripts/make_paper_figures.py,results/fiber_auth/auth_matrix.json; results/*/test_predictions.csv,,supplementary_fig8_or_archive,False
experiment_archive/2026-05-12_1522_puf_paper_current/figures/fig_auth_scores.svg,.svg,55.6,2026-05-05T07:56Z,gui_debug_or_archive,non_paper_or_legacy,False,scripts/make_paper_figures.py,results/fiber_auth/auth_matrix.json; results/*/test_predictions.csv,,supplementary_fig8_or_archive,False
experiment_archive/2026-05-12_1522_puf_paper_current/figures/fig_green_length_entropy_per_length.png,.png,159.7,2026-05-05T07:51Z,gui_debug_or_archive,non_paper_or_legacy,False,scripts/make_paper_figures.py,unknown,,supplementary_fig8_or_archive,False
experiment_archive/2026-05-12_1522_puf_paper_current/figures/fig_green_length_intensity_histogram.png,.png,314.0,2026-05-05T07:51Z,gui_debug_or_archive,non_paper_or_legacy,False,scripts/make_paper_figures.py,unknown,,supplementary_fig8_or_archive,False
experiment_archive/2026-05-12_1522_puf_paper_current/figures/fig_green_length_intra_inter_by_length.png,.png,227.3,2026-05-05T07:56Z,gui_debug_or_archive,non_paper_or_legacy,False,scripts/make_paper_figures.py,unknown,,supplementary_fig8_or_archive,False
experiment_archive/2026-05-12_1522_puf_paper_current/figures/fig_green_length_speckle_montage.png,.png,19212.5,2026-05-05T07:51Z,gui_debug_or_archive,non_paper_or_legacy,False,scripts/make_paper_figures.py,unknown,,supplementary_fig8_or_archive,False
experiment_archive/2026-05-12_1522_puf_paper_current/figures/fig_ncc_hd.pdf,.pdf,23.4,2026-05-05T08:05Z,gui_debug_or_archive,non_paper_or_legacy,False,scripts/make_paper_figures.py,unknown,,supplementary_fig8_or_archive,False
experiment_archive/2026-05-12_1522_puf_paper_current/figures/fig_ncc_hd.png,.png,181.4,2026-05-05T08:05Z,gui_debug_or_archive,non_paper_or_legacy,False,scripts/make_paper_figures.py,unknown,,supplementary_fig8_or_archive,False
experiment_archive/2026-05-12_1522_puf_paper_current/figures/fig_ncc_hd.svg,.svg,105.4,2026-05-05T08:05Z,gui_debug_or_archive,non_paper_or_legacy,False,scripts/make_paper_figures.py,unknown,,supplementary_fig8_or_archive,False
experiment_archive/2026-05-12_1522_puf_paper_current/figures/fig_same_fiber_per_domain.pdf,.pdf,15.8,2026-05-05T07:56Z,gui_debug_or_archive,non_paper_or_legacy,False,scripts/make_paper_figures.py,unknown,,supplementary_fig8_or_archive,False
experiment_archive/2026-05-12_1522_puf_paper_current/figures/fig_same_fiber_per_domain.png,.png,126.7,2026-05-05T07:56Z,gui_debug_or_archive,non_paper_or_legacy,False,scripts/make_paper_figures.py,unknown,,supplementary_fig8_or_archive,False
experiment_archive/2026-05-12_1522_puf_paper_current/figures/fig_same_fiber_per_domain.svg,.svg,39.4,2026-05-05T07:56Z,gui_debug_or_archive,non_paper_or_legacy,False,scripts/make_paper_figures.py,unknown,,supplementary_fig8_or_archive,False
experiment_archive/2026-05-12_1522_puf_paper_current/figures/fig_speckle_examples.pdf,.pdf,4314.0,2026-05-05T07:56Z,gui_debug_or_archive,non_paper_or_legacy,False,scripts/make_paper_figures.py,unknown,,supplementary_fig8_or_archive,False
experiment_archive/2026-05-12_1522_puf_paper_current/figures/fig_speckle_examples.png,.png,4961.8,2026-05-05T07:56Z,gui_debug_or_archive,non_paper_or_legacy,False,scripts/make_paper_figures.py,unknown,,supplementary_fig8_or_archive,False
experiment_archive/2026-05-12_1522_puf_paper_current/figures/fig_speckle_examples.svg,.svg,6324.9,2026-05-05T07:56Z,gui_debug_or_archive,non_paper_or_legacy,False,scripts/make_paper_figures.py,unknown,,supplementary_fig8_or_archive,False
experiment_archive/2026-05-12_1522_puf_paper_current/figures/fig_test_accuracy_summary.pdf,.pdf,19.0,2026-05-05T07:59Z,gui_debug_or_archive,non_paper_or_legacy,False,scripts/make_paper_figures.py,results/fiber_auth/auth_matrix.json; results/*/test_predictions.csv,,supplementary_fig8_or_archive,False
experiment_archive/2026-05-12_1522_puf_paper_current/figures/fig_test_accuracy_summary.png,.png,94.1,2026-05-05T07:59Z,gui_debug_or_archive,non_paper_or_legacy,False,scripts/make_paper_figures.py,results/fiber_auth/auth_matrix.json; results/*/test_predictions.csv,,supplementary_fig8_or_archive,False
experiment_archive/2026-05-12_1522_puf_paper_current/figures/fig_test_accuracy_summary.svg,.svg,33.0,2026-05-05T07:59Z,gui_debug_or_archive,non_paper_or_legacy,False,scripts/make_paper_figures.py,results/fiber_auth/auth_matrix.json; results/*/test_predictions.csv,,supplementary_fig8_or_archive,False
experiment_archive/2026-05-12_1522_puf_paper_current/figures/fig_training_curves.pdf,.pdf,19.0,2026-05-05T07:59Z,gui_debug_or_archive,non_paper_or_legacy,False,scripts/make_paper_figures.py,unknown,,supplementary_fig8_or_archive,False
experiment_archive/2026-05-12_1522_puf_paper_current/figures/fig_training_curves.png,.png,274.8,2026-05-05T07:59Z,gui_debug_or_archive,non_paper_or_legacy,False,scripts/make_paper_figures.py,unknown,,supplementary_fig8_or_archive,False
experiment_archive/2026-05-12_1522_puf_paper_current/figures/fig_training_curves.svg,.svg,43.6,2026-05-05T07:59Z,gui_debug_or_archive,non_paper_or_legacy,False,scripts/make_paper_figures.py,unknown,,supplementary_fig8_or_archive,False
experiment_archive/2026-05-12_1522_puf_paper_current/figures/new_datasets_analysis/disturbance_sensitivity_analysis.pdf,.pdf,34.8,2026-05-05T07:51Z,gui_debug_or_archive,non_paper_or_legacy,False,scripts/analyze_new_datasets.py,long_term_stability/; disturbance_sensitivity/; power_common_mode/,,supplementary_fig8_or_archive,False
experiment_archive/2026-05-12_1522_puf_paper_current/figures/new_datasets_analysis/disturbance_sensitivity_analysis.png,.png,282.7,2026-05-05T07:51Z,gui_debug_or_archive,non_paper_or_legacy,False,scripts/analyze_new_datasets.py,long_term_stability/; disturbance_sensitivity/; power_common_mode/,,supplementary_fig8_or_archive,False
experiment_archive/2026-05-12_1522_puf_paper_current/figures/new_datasets_analysis/long_term_stability_analysis.pdf,.pdf,26.2,2026-05-05T07:51Z,gui_debug_or_archive,non_paper_or_legacy,False,scripts/analyze_new_datasets.py,long_term_stability/; disturbance_sensitivity/; power_common_mode/,,supplementary_fig8_or_archive,False
experiment_archive/2026-05-12_1522_puf_paper_current/figures/new_datasets_analysis/long_term_stability_analysis.png,.png,200.0,2026-05-05T07:51Z,gui_debug_or_archive,non_paper_or_legacy,False,scripts/analyze_new_datasets.py,long_term_stability/; disturbance_sensitivity/; power_common_mode/,,supplementary_fig8_or_archive,False
experiment_archive/2026-05-12_1522_puf_paper_current/figures/new_datasets_analysis/power_common_mode_analysis.pdf,.pdf,24.6,2026-05-05T07:51Z,gui_debug_or_archive,non_paper_or_legacy,False,scripts/analyze_new_datasets.py,long_term_stability/; disturbance_sensitivity/; power_common_mode/,,supplementary_fig8_or_archive,False
experiment_archive/2026-05-12_1522_puf_paper_current/figures/new_datasets_analysis/power_common_mode_analysis.png,.png,245.0,2026-05-05T07:51Z,gui_debug_or_archive,non_paper_or_legacy,False,scripts/analyze_new_datasets.py,long_term_stability/; disturbance_sensitivity/; power_common_mode/,,supplementary_fig8_or_archive,False
experiment_archive/2026-05-12_1522_puf_paper_current/figures/patent/fig1_system.png,.png,57.2,2026-04-27T08:29Z,gui_debug_or_archive,non_paper_or_legacy,False,,hand-authored / Blender render,,supplementary_fig8_or_archive,False
experiment_archive/2026-05-12_1522_puf_paper_current/figures/patent/fig2_modes.png,.png,99.6,2026-04-27T08:29Z,gui_debug_or_archive,non_paper_or_legacy,False,,hand-authored / Blender render,,supplementary_fig8_or_archive,False
experiment_archive/2026-05-12_1522_puf_paper_current/figures/patent/fig3_cmr.png,.png,97.5,2026-04-27T08:29Z,gui_debug_or_archive,non_paper_or_legacy,False,,hand-authored / Blender render,,supplementary_fig8_or_archive,False
experiment_archive/2026-05-12_1522_puf_paper_current/figures/patent/fig4_flowchart.png,.png,73.7,2026-04-27T08:29Z,gui_debug_or_archive,non_paper_or_legacy,False,,hand-authored / Blender render,,supplementary_fig8_or_archive,False
experiment_archive/2026-05-12_1522_puf_paper_current/figures/patent/optical_path_clean.png,.png,555.5,2026-04-27T12:31Z,gui_debug_or_archive,non_paper_or_legacy,False,,hand-authored / Blender render,,supplementary_fig8_or_archive,False
experiment_archive/2026-05-12_1522_puf_paper_current/figures/patent/optical_path_render.png,.png,409.8,2026-04-27T12:31Z,gui_debug_or_archive,non_paper_or_legacy,False,,hand-authored / Blender render,,supplementary_fig8_or_archive,False
experiment_archive/2026-05-12_1522_puf_paper_current/figures/softcopyright/screenshot_camera_permission.png,.png,44.2,2026-05-10T18:10Z,gui_debug_or_archive,non_paper_or_legacy,False,,unknown,,supplementary_fig8_or_archive,False
experiment_archive/2026-05-12_1522_puf_paper_current/figures/softcopyright/screenshot_dialog_load_video.png,.png,886.0,2026-05-10T18:10Z,gui_debug_or_archive,non_paper_or_legacy,False,,unknown,,supplementary_fig8_or_archive,False
experiment_archive/2026-05-12_1522_puf_paper_current/figures/softcopyright/screenshot_slm_window.png,.png,442.8,2026-05-10T18:10Z,gui_debug_or_archive,non_paper_or_legacy,False,,unknown,,supplementary_fig8_or_archive,False
experiment_archive/2026-05-12_1522_puf_paper_current/figures/softcopyright/screenshot_step_access_denied.png,.png,925.2,2026-05-10T18:10Z,gui_debug_or_archive,non_paper_or_legacy,False,,unknown,,supplementary_fig8_or_archive,False
experiment_archive/2026-05-12_1522_puf_paper_current/figures/softcopyright/screenshot_step_access_granted.png,.png,944.0,2026-05-10T18:10Z,gui_debug_or_archive,non_paper_or_legacy,False,,unknown,,supplementary_fig8_or_archive,False
experiment_archive/2026-05-12_1522_puf_paper_current/figures/softcopyright/screenshot_step_camera_on.png,.png,875.3,2026-05-10T18:10Z,gui_debug_or_archive,non_paper_or_legacy,False,,unknown,,supplementary_fig8_or_archive,False
experiment_archive/2026-05-12_1522_puf_paper_current/figures/softcopyright/screenshot_step_home.png,.png,220.3,2026-05-10T18:10Z,gui_debug_or_archive,non_paper_or_legacy,False,,unknown,,supplementary_fig8_or_archive,False
experiment_archive/2026-05-12_1522_puf_paper_current/figures/softcopyright/screenshot_step_model_loaded.png,.png,855.9,2026-05-10T18:10Z,gui_debug_or_archive,non_paper_or_legacy,False,,unknown,,supplementary_fig8_or_archive,False
experiment_archive/2026-05-12_1522_puf_paper_current/figures/softcopyright/screenshot_step_reading_puf.png,.png,940.4,2026-05-10T18:10Z,gui_debug_or_archive,non_paper_or_legacy,False,,unknown,,supplementary_fig8_or_archive,False
experiment_archive/2026-05-12_1522_puf_paper_current/figures/softcopyright/screenshot_step_recognition_off.png,.png,861.0,2026-05-10T18:10Z,gui_debug_or_archive,non_paper_or_legacy,False,,unknown,,supplementary_fig8_or_archive,False
experiment_archive/2026-05-12_1522_puf_paper_current/figures/softcopyright/screenshot_step_scan_cameras.png,.png,220.4,2026-05-10T18:10Z,gui_debug_or_archive,non_paper_or_legacy,False,,unknown,,supplementary_fig8_or_archive,False
experiment_archive/2026-05-12_1522_puf_paper_current/figures/softcopyright/screenshot_step_stop_camera.png,.png,230.4,2026-05-10T18:10Z,gui_debug_or_archive,non_paper_or_legacy,False,,unknown,,supplementary_fig8_or_archive,False
experiment_archive/2026-05-12_1522_puf_paper_current/figures_publication/publication_fig02_speckle_response.pdf,.pdf,2958.0,2026-05-05T08:45Z,gui_debug_or_archive,non_paper_or_legacy,False,scripts/make_publication_figures.py,unknown,,supplementary_fig8_or_archive,False
experiment_archive/2026-05-12_1522_puf_paper_current/figures_publication/publication_fig02_speckle_response.png,.png,3862.9,2026-05-05T08:45Z,gui_debug_or_archive,non_paper_or_legacy,False,scripts/make_publication_figures.py,unknown,,supplementary_fig8_or_archive,False
experiment_archive/2026-05-12_1522_puf_paper_current/figures_publication/publication_fig02_speckle_response.svg,.svg,4944.9,2026-05-05T08:45Z,gui_debug_or_archive,non_paper_or_legacy,False,scripts/make_publication_figures.py,unknown,,supplementary_fig8_or_archive,False
experiment_archive/2026-05-12_1522_puf_paper_current/figures_publication/publication_fig02_speckle_response_pseudocolor.pdf,.pdf,7051.3,2026-05-05T08:45Z,gui_debug_or_archive,non_paper_or_legacy,False,scripts/make_publication_figures.py,unknown,,supplementary_fig8_or_archive,False
experiment_archive/2026-05-12_1522_puf_paper_current/figures_publication/publication_fig02_speckle_response_pseudocolor.png,.png,8051.3,2026-05-05T08:45Z,gui_debug_or_archive,non_paper_or_legacy,False,scripts/make_publication_figures.py,unknown,,supplementary_fig8_or_archive,False
experiment_archive/2026-05-12_1522_puf_paper_current/figures_publication/publication_fig02_speckle_response_pseudocolor.svg,.svg,10522.5,2026-05-05T08:45Z,gui_debug_or_archive,non_paper_or_legacy,False,scripts/make_publication_figures.py,unknown,,supplementary_fig8_or_archive,False
experiment_archive/2026-05-12_1522_puf_paper_current/figures_publication/publication_fig03_length_optimization.pdf,.pdf,77.0,2026-05-05T08:45Z,gui_debug_or_archive,non_paper_or_legacy,False,scripts/make_publication_figures.py,unknown,,supplementary_fig8_or_archive,False
experiment_archive/2026-05-12_1522_puf_paper_current/figures_publication/publication_fig03_length_optimization.png,.png,535.3,2026-05-05T08:45Z,gui_debug_or_archive,non_paper_or_legacy,False,scripts/make_publication_figures.py,unknown,,supplementary_fig8_or_archive,False
experiment_archive/2026-05-12_1522_puf_paper_current/figures_publication/publication_fig03_length_optimization.svg,.svg,162.1,2026-05-05T08:45Z,gui_debug_or_archive,non_paper_or_legacy,False,scripts/make_publication_figures.py,unknown,,supplementary_fig8_or_archive,False
experiment_archive/2026-05-12_1522_puf_paper_current/figures_publication/publication_fig04_cross_fiber_auth.pdf,.pdf,36.1,2026-05-05T08:45Z,gui_debug_or_archive,non_paper_or_legacy,False,scripts/make_publication_figures.py,results/fiber_auth/auth_matrix.json; results/*/test_predictions.csv,,supplementary_fig8_or_archive,False
experiment_archive/2026-05-12_1522_puf_paper_current/figures_publication/publication_fig04_cross_fiber_auth.png,.png,498.4,2026-05-05T08:45Z,gui_debug_or_archive,non_paper_or_legacy,False,scripts/make_publication_figures.py,results/fiber_auth/auth_matrix.json; results/*/test_predictions.csv,,supplementary_fig8_or_archive,False
experiment_archive/2026-05-12_1522_puf_paper_current/figures_publication/publication_fig04_cross_fiber_auth.svg,.svg,122.4,2026-05-05T08:45Z,gui_debug_or_archive,non_paper_or_legacy,False,scripts/make_publication_figures.py,results/fiber_auth/auth_matrix.json; results/*/test_predictions.csv,,supplementary_fig8_or_archive,False
experiment_archive/2026-05-12_1522_puf_paper_current/figures_publication/publication_fig05_dual_channel_robustness.pdf,.pdf,32.7,2026-05-05T08:45Z,gui_debug_or_archive,non_paper_or_legacy,False,scripts/make_publication_figures.py,unknown,,supplementary_fig8_or_archive,False
experiment_archive/2026-05-12_1522_puf_paper_current/figures_publication/publication_fig05_dual_channel_robustness.png,.png,494.2,2026-05-05T08:45Z,gui_debug_or_archive,non_paper_or_legacy,False,scripts/make_publication_figures.py,unknown,,supplementary_fig8_or_archive,False
experiment_archive/2026-05-12_1522_puf_paper_current/figures_publication/publication_fig05_dual_channel_robustness.svg,.svg,99.8,2026-05-05T08:45Z,gui_debug_or_archive,non_paper_or_legacy,False,scripts/make_publication_figures.py,unknown,,supplementary_fig8_or_archive,False
experiment_archive/2026-05-12_1522_puf_paper_current/figures_publication/supplementary_fig_s1_ncc_hd.pdf,.pdf,22.1,2026-05-05T08:47Z,gui_debug_or_archive,non_paper_or_legacy,False,scripts/make_publication_figures.py,unknown,,supplementary_fig8_or_archive,False
experiment_archive/2026-05-12_1522_puf_paper_current/figures_publication/supplementary_fig_s1_ncc_hd.png,.png,172.3,2026-05-05T08:47Z,gui_debug_or_archive,non_paper_or_legacy,False,scripts/make_publication_figures.py,unknown,,supplementary_fig8_or_archive,False
experiment_archive/2026-05-12_1522_puf_paper_current/figures_publication/supplementary_fig_s1_ncc_hd.svg,.svg,88.4,2026-05-05T08:47Z,gui_debug_or_archive,non_paper_or_legacy,False,scripts/make_publication_figures.py,unknown,,supplementary_fig8_or_archive,False
experiment_archive/2026-05-12_1522_puf_paper_current/figures_publication/supplementary_fig_s2_reinstallation_robustness.pdf,.pdf,20.8,2026-05-05T08:47Z,gui_debug_or_archive,non_paper_or_legacy,False,scripts/make_publication_figures.py,unknown,,supplementary_fig8_or_archive,False
experiment_archive/2026-05-12_1522_puf_paper_current/figures_publication/supplementary_fig_s2_reinstallation_robustness.png,.png,160.4,2026-05-05T08:47Z,gui_debug_or_archive,non_paper_or_legacy,False,scripts/make_publication_figures.py,unknown,,supplementary_fig8_or_archive,False
experiment_archive/2026-05-12_1522_puf_paper_current/figures_publication/supplementary_fig_s2_reinstallation_robustness.svg,.svg,42.0,2026-05-05T08:47Z,gui_debug_or_archive,non_paper_or_legacy,False,scripts/make_publication_figures.py,unknown,,supplementary_fig8_or_archive,False
experiment_archive/2026-05-12_1522_puf_paper_current/results/fiber1/confusion_matrix.png,.png,67.4,2026-04-13T15:06Z,gui_debug_or_archive,non_paper_or_legacy,False,,unknown,,supplementary_fig8_or_archive,False
experiment_archive/2026-05-12_1522_puf_paper_current/results/fiber1/loss_acc_curve.png,.png,50.7,2026-04-13T15:06Z,gui_debug_or_archive,non_paper_or_legacy,False,,unknown,,supplementary_fig8_or_archive,False
experiment_archive/2026-05-12_1522_puf_paper_current/results/fiber2/confusion_matrix.png,.png,67.8,2026-04-13T15:14Z,gui_debug_or_archive,non_paper_or_legacy,False,,unknown,,supplementary_fig8_or_archive,False
experiment_archive/2026-05-12_1522_puf_paper_current/results/fiber2/loss_acc_curve.png,.png,56.8,2026-04-13T15:14Z,gui_debug_or_archive,non_paper_or_legacy,False,,unknown,,supplementary_fig8_or_archive,False
experiment_archive/2026-05-12_1522_puf_paper_current/results/fiber3/confusion_matrix.png,.png,67.7,2026-04-13T15:22Z,gui_debug_or_archive,non_paper_or_legacy,False,,unknown,,supplementary_fig8_or_archive,False
experiment_archive/2026-05-12_1522_puf_paper_current/results/fiber3/loss_acc_curve.png,.png,54.1,2026-04-13T15:22Z,gui_debug_or_archive,non_paper_or_legacy,False,,unknown,,supplementary_fig8_or_archive,False
experiment_archive/2026-05-12_1522_puf_paper_current/results/fiber4/confusion_matrix.png,.png,67.5,2026-04-13T15:31Z,gui_debug_or_archive,non_paper_or_legacy,False,,unknown,,supplementary_fig8_or_archive,False
experiment_archive/2026-05-12_1522_puf_paper_current/results/fiber4/loss_acc_curve.png,.png,56.2,2026-04-13T15:31Z,gui_debug_or_archive,non_paper_or_legacy,False,,unknown,,supplementary_fig8_or_archive,False
experiment_archive/2026-05-12_1522_puf_paper_current/results/fiber5/confusion_matrix.png,.png,67.7,2026-04-13T15:41Z,gui_debug_or_archive,non_paper_or_legacy,False,,unknown,,supplementary_fig8_or_archive,False
experiment_archive/2026-05-12_1522_puf_paper_current/results/fiber5/loss_acc_curve.png,.png,57.2,2026-04-13T15:41Z,gui_debug_or_archive,non_paper_or_legacy,False,,unknown,,supplementary_fig8_or_archive,False
experiment_archive/2026-05-12_1522_puf_paper_current/results/length_optimization_green/figures/entropy_vs_length.pdf,.pdf,23.8,2026-04-25T06:44Z,gui_debug_or_archive,non_paper_or_legacy,False,,unknown,,supplementary_fig8_or_archive,False
experiment_archive/2026-05-12_1522_puf_paper_current/results/length_optimization_green/figures/entropy_vs_length.png,.png,316.7,2026-04-25T06:44Z,gui_debug_or_archive,non_paper_or_legacy,False,,unknown,,supplementary_fig8_or_archive,False
experiment_archive/2026-05-12_1522_puf_paper_current/results/length_optimization_green/figures/entropy_vs_length.svg,.svg,52.1,2026-04-25T06:44Z,gui_debug_or_archive,non_paper_or_legacy,False,,unknown,,supplementary_fig8_or_archive,False
experiment_archive/2026-05-12_1522_puf_paper_current/results/length_optimization_green/figures/figure2_combined.pdf,.pdf,26.6,2026-04-25T06:44Z,gui_debug_or_archive,non_paper_or_legacy,False,,unknown,,supplementary_fig8_or_archive,False
experiment_archive/2026-05-12_1522_puf_paper_current/results/length_optimization_green/figures/figure2_combined.png,.png,816.1,2026-04-25T06:44Z,gui_debug_or_archive,non_paper_or_legacy,False,,unknown,,supplementary_fig8_or_archive,False
experiment_archive/2026-05-12_1522_puf_paper_current/results/length_optimization_green/figures/figure2_combined.svg,.svg,109.6,2026-04-25T06:44Z,gui_debug_or_archive,non_paper_or_legacy,False,,unknown,,supplementary_fig8_or_archive,False
experiment_archive/2026-05-12_1522_puf_paper_current/results/length_optimization_green/figures/loss_vs_length.pdf,.pdf,23.7,2026-04-25T06:44Z,gui_debug_or_archive,non_paper_or_legacy,False,,unknown,,supplementary_fig8_or_archive,False
experiment_archive/2026-05-12_1522_puf_paper_current/results/length_optimization_green/figures/loss_vs_length.png,.png,187.5,2026-04-25T06:44Z,gui_debug_or_archive,non_paper_or_legacy,False,,unknown,,supplementary_fig8_or_archive,False
experiment_archive/2026-05-12_1522_puf_paper_current/results/length_optimization_green/figures/loss_vs_length.svg,.svg,55.0,2026-04-25T06:44Z,gui_debug_or_archive,non_paper_or_legacy,False,,unknown,,supplementary_fig8_or_archive,False
experiment_archive/2026-05-12_1522_puf_paper_current/results/length_optimization_green/figures/separability_vs_length.pdf,.pdf,25.1,2026-04-25T06:44Z,gui_debug_or_archive,non_paper_or_legacy,False,,unknown,,supplementary_fig8_or_archive,False
experiment_archive/2026-05-12_1522_puf_paper_current/results/length_optimization_green/figures/separability_vs_length.png,.png,385.0,2026-04-25T06:44Z,gui_debug_or_archive,non_paper_or_legacy,False,,unknown,,supplementary_fig8_or_archive,False
experiment_archive/2026-05-12_1522_puf_paper_current/results/length_optimization_green/figures/separability_vs_length.svg,.svg,67.8,2026-04-25T06:44Z,gui_debug_or_archive,non_paper_or_legacy,False,,unknown,,supplementary_fig8_or_archive,False
experiment_archive/2026-05-12_1522_puf_paper_current/results/length_optimization_green/figures/speckle_montage.pdf,.pdf,3802.0,2026-04-25T06:44Z,gui_debug_or_archive,non_paper_or_legacy,False,,unknown,,supplementary_fig8_or_archive,False
experiment_archive/2026-05-12_1522_puf_paper_current/results/length_optimization_green/figures/speckle_montage.png,.png,4574.3,2026-04-25T06:44Z,gui_debug_or_archive,non_paper_or_legacy,False,,unknown,,supplementary_fig8_or_archive,False
experiment_archive/2026-05-12_1522_puf_paper_current/results/length_optimization_green/figures/speckle_montage.svg,.svg,5918.7,2026-04-25T06:44Z,gui_debug_or_archive,non_paper_or_legacy,False,,unknown,,supplementary_fig8_or_archive,False
experiment_archive/2026-05-12_1522_puf_paper_current/results/length_optimize_current/figures/entropy_per_length.pdf,.pdf,20.7,2026-05-05T07:56Z,gui_debug_or_archive,non_paper_or_legacy,False,,unknown,deprecated_pipeline_output,archive_old / do_not_use_for_final_length_fig,False
experiment_archive/2026-05-12_1522_puf_paper_current/results/length_optimize_current/figures/entropy_per_length.png,.png,159.7,2026-05-05T07:56Z,gui_debug_or_archive,non_paper_or_legacy,False,,unknown,deprecated_pipeline_output,archive_old / do_not_use_for_final_length_fig,False
experiment_archive/2026-05-12_1522_puf_paper_current/results/length_optimize_current/figures/entropy_per_length.svg,.svg,37.3,2026-05-05T07:56Z,gui_debug_or_archive,non_paper_or_legacy,False,,unknown,deprecated_pipeline_output,archive_old / do_not_use_for_final_length_fig,False
experiment_archive/2026-05-12_1522_puf_paper_current/results/length_optimize_current/figures/intensity_histogram.pdf,.pdf,28.4,2026-05-05T07:56Z,gui_debug_or_archive,non_paper_or_legacy,False,,unknown,deprecated_pipeline_output,archive_old / do_not_use_for_final_length_fig,False
experiment_archive/2026-05-12_1522_puf_paper_current/results/length_optimize_current/figures/intensity_histogram.png,.png,314.0,2026-05-05T07:56Z,gui_debug_or_archive,non_paper_or_legacy,False,,unknown,deprecated_pipeline_output,archive_old / do_not_use_for_final_length_fig,False
experiment_archive/2026-05-12_1522_puf_paper_current/results/length_optimize_current/figures/intensity_histogram.svg,.svg,63.2,2026-05-05T07:56Z,gui_debug_or_archive,non_paper_or_legacy,False,,unknown,deprecated_pipeline_output,archive_old / do_not_use_for_final_length_fig,False
experiment_archive/2026-05-12_1522_puf_paper_current/results/length_optimize_current/figures/separability_per_length.pdf,.pdf,18.3,2026-05-05T07:56Z,gui_debug_or_archive,non_paper_or_legacy,False,,unknown,deprecated_pipeline_output,archive_old / do_not_use_for_final_length_fig,False
experiment_archive/2026-05-12_1522_puf_paper_current/results/length_optimize_current/figures/separability_per_length.png,.png,227.3,2026-05-05T07:56Z,gui_debug_or_archive,non_paper_or_legacy,False,,unknown,deprecated_pipeline_output,archive_old / do_not_use_for_final_length_fig,False
experiment_archive/2026-05-12_1522_puf_paper_current/results/length_optimize_current/figures/separability_per_length.svg,.svg,58.5,2026-05-05T07:56Z,gui_debug_or_archive,non_paper_or_legacy,False,,unknown,deprecated_pipeline_output,archive_old / do_not_use_for_final_length_fig,False
experiment_archive/2026-05-12_1522_puf_paper_current/results/length_optimize_current/figures/speckle_montage.pdf,.pdf,16751.4,2026-05-05T07:56Z,gui_debug_or_archive,non_paper_or_legacy,False,,unknown,deprecated_pipeline_output,archive_old / do_not_use_for_final_length_fig,False
experiment_archive/2026-05-12_1522_puf_paper_current/results/length_optimize_current/figures/speckle_montage.png,.png,19212.5,2026-05-05T07:56Z,gui_debug_or_archive,non_paper_or_legacy,False,,unknown,deprecated_pipeline_output,archive_old / do_not_use_for_final_length_fig,False
experiment_archive/2026-05-12_1522_puf_paper_current/results/length_optimize_current/figures/speckle_montage.svg,.svg,24872.8,2026-05-05T07:56Z,gui_debug_or_archive,non_paper_or_legacy,False,,unknown,deprecated_pipeline_output,archive_old / do_not_use_for_final_length_fig,False
experiment_archive/2026-05-12_1522_puf_paper_current/results/loss_analysis_32/figures/loss_mean_comparison.png,.png,31.3,2026-04-22T14:13Z,gui_debug_or_archive,non_paper_or_legacy,False,,unknown,,supplementary_fig8_or_archive,False
experiment_archive/2026-05-12_1522_puf_paper_current/results/loss_analysis_32/figures/loss_mean_comparison.svg,.svg,33.0,2026-04-22T14:13Z,gui_debug_or_archive,non_paper_or_legacy,False,,unknown,,supplementary_fig8_or_archive,False
experiment_archive/2026-05-12_1522_puf_paper_current/results/loss_analysis_32/figures/loss_per_fiber.png,.png,96.1,2026-04-22T14:13Z,gui_debug_or_archive,non_paper_or_legacy,False,,unknown,,supplementary_fig8_or_archive,False
experiment_archive/2026-05-12_1522_puf_paper_current/results/loss_analysis_32/figures/loss_per_fiber.svg,.svg,60.0,2026-04-22T14:13Z,gui_debug_or_archive,non_paper_or_legacy,False,,unknown,,supplementary_fig8_or_archive,False
figures/archive_old/legacy_green_partial_32/fig_green_length_entropy_per_length.png,.png,159.7,2026-05-05T07:51Z,gui_debug_or_archive,non_paper_or_legacy,False,scripts/run_partial_length_analysis.py,results/green_partial_32 OR results/length_optimize_current (legacy),deprecated_pipeline_output,archive_old / do_not_use_for_final_length_fig,False
figures/archive_old/legacy_green_partial_32/fig_green_length_intensity_histogram.png,.png,314.0,2026-05-05T07:51Z,gui_debug_or_archive,non_paper_or_legacy,False,scripts/run_partial_length_analysis.py,results/green_partial_32 OR results/length_optimize_current (legacy),deprecated_pipeline_output,archive_old / do_not_use_for_final_length_fig,False
figures/archive_old/legacy_green_partial_32/fig_green_length_intra_inter_by_length.png,.png,227.3,2026-05-05T07:56Z,gui_debug_or_archive,non_paper_or_legacy,False,scripts/run_partial_length_analysis.py,results/green_partial_32 OR results/length_optimize_current (legacy),deprecated_pipeline_output,archive_old / do_not_use_for_final_length_fig,False
figures/archive_old/legacy_green_partial_32/fig_green_length_speckle_montage.png,.png,19212.5,2026-05-05T07:51Z,gui_debug_or_archive,non_paper_or_legacy,False,scripts/run_partial_length_analysis.py,results/green_partial_32 OR results/length_optimize_current (legacy),deprecated_pipeline_output,archive_old / do_not_use_for_final_length_fig,False
figures/fig_auth_gap.pdf,.pdf,27.9,2026-05-05T07:56Z,paper_performance,paper_ready_or_near,False,scripts/make_paper_figures.py,results/fiber_auth/auth_matrix.json; results/*/test_predictions.csv,,redraw_or_copy_into_figures_paper,False
figures/fig_auth_gap.png,.png,209.6,2026-05-05T07:56Z,paper_performance,paper_ready_or_near,False,scripts/make_paper_figures.py,results/fiber_auth/auth_matrix.json; results/*/test_predictions.csv,,redraw_or_copy_into_figures_paper,False
figures/fig_auth_gap.svg,.svg,71.4,2026-05-05T07:56Z,paper_performance,paper_ready_or_near,False,scripts/make_paper_figures.py,results/fiber_auth/auth_matrix.json; results/*/test_predictions.csv,,redraw_or_copy_into_figures_paper,False
figures/fig_auth_matrix.pdf,.pdf,30.6,2026-05-05T07:56Z,paper_performance,paper_ready_or_near,False,scripts/make_paper_figures.py,results/fiber_auth/auth_matrix.json; results/*/test_predictions.csv,,redraw_or_copy_into_figures_paper,False
figures/fig_auth_matrix.png,.png,203.9,2026-05-05T07:56Z,paper_performance,paper_ready_or_near,False,scripts/make_paper_figures.py,results/fiber_auth/auth_matrix.json; results/*/test_predictions.csv,,redraw_or_copy_into_figures_paper,False
figures/fig_auth_matrix.svg,.svg,78.1,2026-05-05T07:56Z,paper_performance,paper_ready_or_near,False,scripts/make_paper_figures.py,results/fiber_auth/auth_matrix.json; results/*/test_predictions.csv,,redraw_or_copy_into_figures_paper,False
figures/fig_auth_scores.pdf,.pdf,20.2,2026-05-05T07:56Z,paper_performance,paper_ready_or_near,False,scripts/make_paper_figures.py,results/fiber_auth/auth_matrix.json; results/*/test_predictions.csv,,redraw_or_copy_into_figures_paper,False
figures/fig_auth_scores.png,.png,180.1,2026-05-05T07:56Z,paper_performance,paper_ready_or_near,False,scripts/make_paper_figures.py,results/fiber_auth/auth_matrix.json; results/*/test_predictions.csv,,redraw_or_copy_into_figures_paper,False
figures/fig_auth_scores.svg,.svg,55.6,2026-05-05T07:56Z,paper_performance,paper_ready_or_near,False,scripts/make_paper_figures.py,results/fiber_auth/auth_matrix.json; results/*/test_predictions.csv,,redraw_or_copy_into_figures_paper,False
figures/fig_ncc_hd.pdf,.pdf,23.4,2026-05-05T08:05Z,paper_illustration,paper_ready_or_near,False,scripts/make_paper_figures.py,unknown,,redraw_or_copy_into_figures_paper,False
figures/fig_ncc_hd.png,.png,181.4,2026-05-05T08:05Z,paper_illustration,paper_ready_or_near,False,scripts/make_paper_figures.py,unknown,,redraw_or_copy_into_figures_paper,False
figures/fig_ncc_hd.svg,.svg,105.4,2026-05-05T08:05Z,paper_illustration,paper_ready_or_near,False,scripts/make_paper_figures.py,unknown,,redraw_or_copy_into_figures_paper,False
figures/fig_same_fiber_per_domain.pdf,.pdf,15.8,2026-05-05T07:56Z,paper_illustration,paper_ready_or_near,False,scripts/make_paper_figures.py,unknown,,redraw_or_copy_into_figures_paper,False
figures/fig_same_fiber_per_domain.png,.png,126.7,2026-05-05T07:56Z,paper_illustration,paper_ready_or_near,False,scripts/make_paper_figures.py,unknown,,redraw_or_copy_into_figures_paper,False
figures/fig_same_fiber_per_domain.svg,.svg,39.4,2026-05-05T07:56Z,paper_illustration,paper_ready_or_near,False,scripts/make_paper_figures.py,unknown,,redraw_or_copy_into_figures_paper,False
figures/fig_speckle_examples.pdf,.pdf,4314.0,2026-05-05T07:56Z,paper_illustration,paper_ready_or_near,False,scripts/make_paper_figures.py,unknown,,redraw_or_copy_into_figures_paper,False
figures/fig_speckle_examples.png,.png,4961.8,2026-05-05T07:56Z,paper_illustration,paper_ready_or_near,False,scripts/make_paper_figures.py,unknown,,redraw_or_copy_into_figures_paper,False
figures/fig_speckle_examples.svg,.svg,6324.9,2026-05-05T07:56Z,paper_illustration,paper_ready_or_near,False,scripts/make_paper_figures.py,unknown,,redraw_or_copy_into_figures_paper,False
figures/fig_test_accuracy_summary.pdf,.pdf,19.0,2026-05-05T07:59Z,paper_performance,paper_ready_or_near,False,scripts/make_paper_figures.py,results/fiber_auth/auth_matrix.json; results/*/test_predictions.csv,,redraw_or_copy_into_figures_paper,False
figures/fig_test_accuracy_summary.png,.png,94.1,2026-05-05T07:59Z,paper_performance,paper_ready_or_near,False,scripts/make_paper_figures.py,results/fiber_auth/auth_matrix.json; results/*/test_predictions.csv,,redraw_or_copy_into_figures_paper,False
figures/fig_test_accuracy_summary.svg,.svg,33.0,2026-05-05T07:59Z,paper_performance,paper_ready_or_near,False,scripts/make_paper_figures.py,results/fiber_auth/auth_matrix.json; results/*/test_predictions.csv,,redraw_or_copy_into_figures_paper,False
figures/fig_training_curves.pdf,.pdf,19.0,2026-05-05T07:59Z,paper_performance,paper_ready_or_near,False,scripts/make_paper_figures.py,unknown,,redraw_or_copy_into_figures_paper,False
figures/fig_training_curves.png,.png,274.8,2026-05-05T07:59Z,paper_performance,paper_ready_or_near,False,scripts/make_paper_figures.py,unknown,,redraw_or_copy_into_figures_paper,False
figures/fig_training_curves.svg,.svg,43.6,2026-05-05T07:59Z,paper_performance,paper_ready_or_near,False,scripts/make_paper_figures.py,unknown,,redraw_or_copy_into_figures_paper,False
figures/new_datasets_analysis/disturbance_sensitivity_analysis.pdf,.pdf,34.8,2026-05-05T07:51Z,dataset_exploratory,supporting_exploratory,False,scripts/analyze_new_datasets.py,long_term_stability/; disturbance_sensitivity/; power_common_mode/,,review,False
figures/new_datasets_analysis/disturbance_sensitivity_analysis.png,.png,282.7,2026-05-05T07:51Z,dataset_exploratory,supporting_exploratory,False,scripts/analyze_new_datasets.py,long_term_stability/; disturbance_sensitivity/; power_common_mode/,,review,False
figures/new_datasets_analysis/long_term_stability_analysis.pdf,.pdf,26.2,2026-05-05T07:51Z,dataset_exploratory,supporting_exploratory,False,scripts/analyze_new_datasets.py,long_term_stability/; disturbance_sensitivity/; power_common_mode/,,review,False
figures/new_datasets_analysis/long_term_stability_analysis.png,.png,200.0,2026-05-05T07:51Z,dataset_exploratory,supporting_exploratory,False,scripts/analyze_new_datasets.py,long_term_stability/; disturbance_sensitivity/; power_common_mode/,,review,False
figures/new_datasets_analysis/power_common_mode_analysis.pdf,.pdf,24.6,2026-05-05T07:51Z,dataset_exploratory,supporting_exploratory,False,scripts/analyze_new_datasets.py,long_term_stability/; disturbance_sensitivity/; power_common_mode/,,review,False
figures/new_datasets_analysis/power_common_mode_analysis.png,.png,245.0,2026-05-05T07:51Z,dataset_exploratory,supporting_exploratory,False,scripts/analyze_new_datasets.py,long_term_stability/; disturbance_sensitivity/; power_common_mode/,,review,False
figures/paper/Fig1_concept/README_source_patent_fig1_block_diagram.png,.png,57.2,2026-05-13T07:14Z,patent_diagram,paper_ready_or_near,False,,hand-authored / Blender render,,canonical_paper_output,False
figures/paper/Fig2_setup/README_source_optical_path_render.png,.png,409.8,2026-05-13T07:14Z,other,review_needed,False,,hand-authored / Blender render,,canonical_paper_output,False
figures/paper/Fig4_surface_morphology/README_source_patent_fig2_modes.png,.png,99.6,2026-05-13T07:14Z,patent_diagram,paper_ready_or_near,False,,hand-authored / Blender render,,canonical_paper_output,False
figures/paper/Fig8_demo/README_source_demo_access_granted.png,.png,944.0,2026-05-13T07:14Z,other,review_needed,False,,unknown,,canonical_paper_output,False
figures/patent/fig1_system.png,.png,57.2,2026-04-27T08:29Z,patent_diagram,paper_ready_or_near,False,,hand-authored / Blender render,,redraw_or_copy_into_figures_paper,False
figures/patent/fig2_modes.png,.png,99.6,2026-04-27T08:29Z,patent_diagram,paper_ready_or_near,False,,hand-authored / Blender render,,redraw_or_copy_into_figures_paper,False
figures/patent/fig3_cmr.png,.png,97.5,2026-04-27T08:29Z,patent_diagram,paper_ready_or_near,False,,hand-authored / Blender render,,redraw_or_copy_into_figures_paper,False
figures/patent/fig4_flowchart.png,.png,73.7,2026-04-27T08:29Z,patent_diagram,paper_ready_or_near,False,,hand-authored / Blender render,,redraw_or_copy_into_figures_paper,False
figures/patent/optical_path_clean.png,.png,555.5,2026-04-27T12:31Z,patent_diagram,paper_ready_or_near,False,,hand-authored / Blender render,,redraw_or_copy_into_figures_paper,False
figures/patent/optical_path_render.png,.png,409.8,2026-04-27T12:31Z,patent_diagram,paper_ready_or_near,False,,hand-authored / Blender render,,redraw_or_copy_into_figures_paper,False
figures/softcopyright/screenshot_camera_permission.png,.png,44.2,2026-05-10T18:10Z,gui_debug_or_archive,non_paper_or_legacy,False,,unknown,,supplementary_fig8_or_archive,False
figures/softcopyright/screenshot_dialog_load_video.png,.png,886.0,2026-05-10T18:10Z,gui_debug_or_archive,non_paper_or_legacy,False,,unknown,,supplementary_fig8_or_archive,False
figures/softcopyright/screenshot_slm_window.png,.png,442.8,2026-05-10T18:10Z,gui_debug_or_archive,non_paper_or_legacy,False,,unknown,,supplementary_fig8_or_archive,False
figures/softcopyright/screenshot_step_access_denied.png,.png,925.2,2026-05-10T18:10Z,gui_debug_or_archive,non_paper_or_legacy,False,,unknown,,supplementary_fig8_or_archive,False
figures/softcopyright/screenshot_step_access_granted.png,.png,944.0,2026-05-10T18:10Z,gui_debug_or_archive,non_paper_or_legacy,False,,unknown,,supplementary_fig8_or_archive,False
figures/softcopyright/screenshot_step_camera_on.png,.png,875.3,2026-05-10T18:10Z,gui_debug_or_archive,non_paper_or_legacy,False,,unknown,,supplementary_fig8_or_archive,False
figures/softcopyright/screenshot_step_home.png,.png,220.3,2026-05-10T18:10Z,gui_debug_or_archive,non_paper_or_legacy,False,,unknown,,supplementary_fig8_or_archive,False
figures/softcopyright/screenshot_step_model_loaded.png,.png,855.9,2026-05-10T18:10Z,gui_debug_or_archive,non_paper_or_legacy,False,,unknown,,supplementary_fig8_or_archive,False
figures/softcopyright/screenshot_step_reading_puf.png,.png,940.4,2026-05-10T18:10Z,gui_debug_or_archive,non_paper_or_legacy,False,,unknown,,supplementary_fig8_or_archive,False
figures/softcopyright/screenshot_step_recognition_off.png,.png,861.0,2026-05-10T18:10Z,gui_debug_or_archive,non_paper_or_legacy,False,,unknown,,supplementary_fig8_or_archive,False
figures/softcopyright/screenshot_step_scan_cameras.png,.png,220.4,2026-05-10T18:10Z,gui_debug_or_archive,non_paper_or_legacy,False,,unknown,,supplementary_fig8_or_archive,False
figures/softcopyright/screenshot_step_stop_camera.png,.png,230.4,2026-05-10T18:10Z,gui_debug_or_archive,non_paper_or_legacy,False,,unknown,,supplementary_fig8_or_archive,False
figures_competition/fig4_length_optimization.pdf,.pdf,25.0,2026-05-12T08:15Z,competition_planning,planning_parallel_to_paper,False,scripts/generate_competition_figures.py,results/length_optimization_green/tables/per_length_summary.csv,,review,True
figures_competition/fig4_length_optimization.png,.png,207.8,2026-05-12T08:15Z,competition_planning,planning_parallel_to_paper,False,scripts/generate_competition_figures.py,results/length_optimization_green/tables/per_length_summary.csv,,review,True
figures_competition/fig4_length_optimization.svg,.svg,78.3,2026-05-12T08:15Z,competition_planning,planning_parallel_to_paper,False,scripts/generate_competition_figures.py,results/length_optimization_green/tables/per_length_summary.csv,,review,True
figures_competition/fig7_dual_channel_characterization.pdf,.pdf,48.9,2026-05-12T08:38Z,competition_planning,planning_parallel_to_paper,False,scripts/generate_competition_figures.py,unknown,,review,True
figures_competition/fig7_dual_channel_characterization.png,.png,405.5,2026-05-12T08:38Z,competition_planning,planning_parallel_to_paper,False,scripts/generate_competition_figures.py,unknown,,review,True
figures_competition/fig7_dual_channel_characterization.svg,.svg,116.1,2026-05-12T08:38Z,competition_planning,planning_parallel_to_paper,False,scripts/generate_competition_figures.py,unknown,,review,True
figures_competition/fig8_common_mode_suppression.pdf,.pdf,22.8,2026-05-12T08:38Z,competition_planning,planning_parallel_to_paper,False,scripts/generate_competition_figures.py,unknown,,review,True
figures_competition/fig8_common_mode_suppression.png,.png,102.2,2026-05-12T08:38Z,competition_planning,planning_parallel_to_paper,False,scripts/generate_competition_figures.py,unknown,,review,True
figures_competition/fig8_common_mode_suppression.svg,.svg,54.1,2026-05-12T08:38Z,competition_planning,planning_parallel_to_paper,False,scripts/generate_competition_figures.py,unknown,,review,True
figures_publication/publication_fig02_speckle_response.pdf,.pdf,2958.0,2026-05-12T07:49Z,publication_pack,paper_ready_or_near,False,scripts/make_publication_figures.py,unknown,,redraw_or_copy_into_figures_paper,False
figures_publication/publication_fig02_speckle_response.png,.png,3862.8,2026-05-12T07:49Z,publication_pack,paper_ready_or_near,False,scripts/make_publication_figures.py,unknown,,redraw_or_copy_into_figures_paper,False
figures_publication/publication_fig02_speckle_response.svg,.svg,4944.9,2026-05-12T07:49Z,publication_pack,paper_ready_or_near,False,scripts/make_publication_figures.py,unknown,,redraw_or_copy_into_figures_paper,False
figures_publication/publication_fig02_speckle_response_pseudocolor.pdf,.pdf,7051.3,2026-05-12T07:49Z,publication_pack,paper_ready_or_near,False,scripts/make_publication_figures.py,unknown,,redraw_or_copy_into_figures_paper,False
figures_publication/publication_fig02_speckle_response_pseudocolor.png,.png,8051.2,2026-05-12T07:49Z,publication_pack,paper_ready_or_near,False,scripts/make_publication_figures.py,unknown,,redraw_or_copy_into_figures_paper,False
figures_publication/publication_fig02_speckle_response_pseudocolor.svg,.svg,10522.5,2026-05-12T07:49Z,publication_pack,paper_ready_or_near,False,scripts/make_publication_figures.py,unknown,,redraw_or_copy_into_figures_paper,False
figures_publication/publication_fig03_length_optimization.pdf,.pdf,75.9,2026-05-12T07:49Z,publication_pack,paper_ready_or_near,False,scripts/make_publication_figures.py,unknown,,redraw_or_copy_into_figures_paper,False
figures_publication/publication_fig03_length_optimization.png,.png,535.2,2026-05-12T07:49Z,publication_pack,paper_ready_or_near,False,scripts/make_publication_figures.py,unknown,,redraw_or_copy_into_figures_paper,False
figures_publication/publication_fig03_length_optimization.svg,.svg,166.0,2026-05-12T07:49Z,publication_pack,paper_ready_or_near,False,scripts/make_publication_figures.py,unknown,,redraw_or_copy_into_figures_paper,False
figures_publication/publication_fig04_cross_fiber_auth.pdf,.pdf,39.2,2026-05-12T07:49Z,publication_pack,paper_ready_or_near,False,scripts/make_publication_figures.py,results/fiber_auth/auth_matrix.json; results/*/test_predictions.csv,,redraw_or_copy_into_figures_paper,False
figures_publication/publication_fig04_cross_fiber_auth.png,.png,498.2,2026-05-12T07:49Z,publication_pack,paper_ready_or_near,False,scripts/make_publication_figures.py,results/fiber_auth/auth_matrix.json; results/*/test_predictions.csv,,redraw_or_copy_into_figures_paper,False
figures_publication/publication_fig04_cross_fiber_auth.svg,.svg,122.4,2026-05-12T07:49Z,publication_pack,paper_ready_or_near,False,scripts/make_publication_figures.py,results/fiber_auth/auth_matrix.json; results/*/test_predictions.csv,,redraw_or_copy_into_figures_paper,False
figures_publication/publication_fig04_length_optimization.pdf,.pdf,75.9,2026-05-12T07:49Z,publication_pack,paper_ready_or_near,False,scripts/make_publication_figures.py,unknown,,redraw_or_copy_into_figures_paper,False
figures_publication/publication_fig04_length_optimization.png,.png,535.2,2026-05-12T07:49Z,publication_pack,paper_ready_or_near,False,scripts/make_publication_figures.py,unknown,,redraw_or_copy_into_figures_paper,False
figures_publication/publication_fig04_length_optimization.svg,.svg,166.0,2026-05-12T07:49Z,publication_pack,paper_ready_or_near,False,scripts/make_publication_figures.py,unknown,,redraw_or_copy_into_figures_paper,False
figures_publication/publication_fig05_dual_channel_robustness.pdf,.pdf,32.7,2026-05-12T07:49Z,publication_pack,paper_ready_or_near,False,scripts/make_publication_figures.py,unknown,,redraw_or_copy_into_figures_paper,False
figures_publication/publication_fig05_dual_channel_robustness.png,.png,493.4,2026-05-12T07:49Z,publication_pack,paper_ready_or_near,False,scripts/make_publication_figures.py,unknown,,redraw_or_copy_into_figures_paper,False
figures_publication/publication_fig05_dual_channel_robustness.svg,.svg,99.8,2026-05-12T07:49Z,publication_pack,paper_ready_or_near,False,scripts/make_publication_figures.py,unknown,,redraw_or_copy_into_figures_paper,False
figures_publication/supplementary_fig_s1_ncc_hd.pdf,.pdf,22.1,2026-05-12T07:52Z,publication_pack,paper_ready_or_near,False,scripts/make_publication_figures.py,unknown,,redraw_or_copy_into_figures_paper,False
figures_publication/supplementary_fig_s1_ncc_hd.png,.png,172.0,2026-05-12T07:52Z,publication_pack,paper_ready_or_near,False,scripts/make_publication_figures.py,unknown,,redraw_or_copy_into_figures_paper,False
figures_publication/supplementary_fig_s1_ncc_hd.svg,.svg,88.4,2026-05-12T07:52Z,publication_pack,paper_ready_or_near,False,scripts/make_publication_figures.py,unknown,,redraw_or_copy_into_figures_paper,False
figures_publication/supplementary_fig_s2_reinstallation_robustness.pdf,.pdf,20.8,2026-05-12T07:52Z,publication_pack,paper_ready_or_near,False,scripts/make_publication_figures.py,unknown,,redraw_or_copy_into_figures_paper,False
figures_publication/supplementary_fig_s2_reinstallation_robustness.png,.png,160.3,2026-05-12T07:52Z,publication_pack,paper_ready_or_near,False,scripts/make_publication_figures.py,unknown,,redraw_or_copy_into_figures_paper,False
figures_publication/supplementary_fig_s2_reinstallation_robustness.svg,.svg,42.0,2026-05-12T07:52Z,publication_pack,paper_ready_or_near,False,scripts/make_publication_figures.py,unknown,,redraw_or_copy_into_figures_paper,False
letter_images/A.png,.png,24.1,2026-04-14T14:31Z,challenge_assets,non_paper_or_legacy,False,,unknown,,review,True
letter_images/B.png,.png,20.6,2026-04-14T14:31Z,challenge_assets,non_paper_or_legacy,False,,unknown,,review,True
letter_images/C.png,.png,24.3,2026-04-14T14:31Z,challenge_assets,non_paper_or_legacy,False,,unknown,,review,True
letter_images/D.png,.png,20.2,2026-04-14T14:31Z,challenge_assets,non_paper_or_legacy,False,,unknown,,review,True
letter_images/E.png,.png,11.3,2026-04-14T14:31Z,challenge_assets,non_paper_or_legacy,False,,unknown,,review,True
letter_images/F.png,.png,10.6,2026-04-14T14:31Z,challenge_assets,non_paper_or_legacy,False,,unknown,,review,True
letter_images/G.png,.png,25.4,2026-04-14T14:31Z,challenge_assets,non_paper_or_legacy,False,,unknown,,review,True
letter_images/H.png,.png,10.2,2026-04-14T14:31Z,challenge_assets,non_paper_or_legacy,False,,unknown,,review,True
letter_images/I.png,.png,9.0,2026-04-14T14:31Z,challenge_assets,non_paper_or_legacy,False,,unknown,,review,True
letter_images/J.png,.png,12.5,2026-04-14T14:31Z,challenge_assets,non_paper_or_legacy,False,,unknown,,review,True
letter_images/K.png,.png,23.6,2026-04-14T14:31Z,challenge_assets,non_paper_or_legacy,False,,unknown,,review,True
letter_images/L.png,.png,9.7,2026-04-14T14:31Z,challenge_assets,non_paper_or_legacy,False,,unknown,,review,True
letter_images/M.png,.png,26.7,2026-04-14T14:31Z,challenge_assets,non_paper_or_legacy,False,,unknown,,review,True
letter_images/N.png,.png,21.2,2026-04-14T14:31Z,challenge_assets,non_paper_or_legacy,False,,unknown,,review,True
letter_images/O.png,.png,29.7,2026-04-14T14:31Z,challenge_assets,non_paper_or_legacy,False,,unknown,,review,True
letter_images/P.png,.png,16.3,2026-04-14T14:31Z,challenge_assets,non_paper_or_legacy,False,,unknown,,review,True
letter_images/Q.png,.png,33.1,2026-04-14T14:31Z,challenge_assets,non_paper_or_legacy,False,,unknown,,review,True
letter_images/R.png,.png,21.1,2026-04-14T14:31Z,challenge_assets,non_paper_or_legacy,False,,unknown,,review,True
letter_images/S.png,.png,26.5,2026-04-14T14:31Z,challenge_assets,non_paper_or_legacy,False,,unknown,,review,True
letter_images/T.png,.png,10.0,2026-04-14T14:31Z,challenge_assets,non_paper_or_legacy,False,,unknown,,review,True
letter_images/U.png,.png,17.4,2026-04-14T14:31Z,challenge_assets,non_paper_or_legacy,False,,unknown,,review,True
letter_images/V.png,.png,25.8,2026-04-14T14:31Z,challenge_assets,non_paper_or_legacy,False,,unknown,,review,True
letter_images/W.png,.png,35.5,2026-04-14T14:31Z,challenge_assets,non_paper_or_legacy,False,,unknown,,review,True
letter_images/X.png,.png,32.6,2026-04-14T14:31Z,challenge_assets,non_paper_or_legacy,False,,unknown,,review,True
letter_images/Y.png,.png,21.6,2026-04-14T14:31Z,challenge_assets,non_paper_or_legacy,False,,unknown,,review,True
letter_images/Z.png,.png,20.4,2026-04-14T14:31Z,challenge_assets,non_paper_or_legacy,False,,unknown,,review,True
long_term_stability/Fiber1/1.JPG,.jpg,412.3,2026-04-26T12:45Z,other,review_needed,False,,unknown,,review,False
long_term_stability/Fiber1/10.JPG,.jpg,412.0,2026-04-26T12:48Z,other,review_needed,False,,unknown,,review,False
long_term_stability/Fiber1/11.JPG,.jpg,411.8,2026-04-26T12:48Z,other,review_needed,False,,unknown,,review,False
long_term_stability/Fiber1/12.JPG,.jpg,411.8,2026-04-26T12:48Z,other,review_needed,False,,unknown,,review,False
long_term_stability/Fiber1/13.JPG,.jpg,411.6,2026-04-26T12:49Z,other,review_needed,False,,unknown,,review,False
long_term_stability/Fiber1/2.JPG,.jpg,412.5,2026-04-26T12:45Z,other,review_needed,False,,unknown,,review,False
long_term_stability/Fiber1/3.JPG,.jpg,412.3,2026-04-26T12:45Z,other,review_needed,False,,unknown,,review,False
long_term_stability/Fiber1/4.JPG,.jpg,412.6,2026-04-26T12:46Z,other,review_needed,False,,unknown,,review,False
long_term_stability/Fiber1/5.JPG,.jpg,412.1,2026-04-26T12:46Z,other,review_needed,False,,unknown,,review,False
long_term_stability/Fiber1/6.JPG,.jpg,412.1,2026-04-26T12:46Z,other,review_needed,False,,unknown,,review,False
long_term_stability/Fiber1/7.JPG,.jpg,411.9,2026-04-26T12:47Z,other,review_needed,False,,unknown,,review,False
long_term_stability/Fiber1/8.JPG,.jpg,412.1,2026-04-26T12:47Z,other,review_needed,False,,unknown,,review,False
long_term_stability/Fiber1/9.JPG,.jpg,412.0,2026-04-26T12:47Z,other,review_needed,False,,unknown,,review,False
long_term_stability/Fiber10/1.JPG,.jpg,356.2,2026-04-27T04:26Z,other,review_needed,False,,unknown,,review,False
long_term_stability/Fiber10/10.JPG,.jpg,356.4,2026-04-27T04:28Z,other,review_needed,False,,unknown,,review,False
long_term_stability/Fiber10/11.JPG,.jpg,356.4,2026-04-27T04:29Z,other,review_needed,False,,unknown,,review,False
long_term_stability/Fiber10/12.JPG,.jpg,356.3,2026-04-27T04:29Z,other,review_needed,False,,unknown,,review,False
long_term_stability/Fiber10/13.JPG,.jpg,356.3,2026-04-27T04:29Z,other,review_needed,False,,unknown,,review,False
long_term_stability/Fiber10/2.JPG,.jpg,355.4,2026-04-27T04:26Z,other,review_needed,False,,unknown,,review,False
long_term_stability/Fiber10/3.JPG,.jpg,355.5,2026-04-27T04:27Z,other,review_needed,False,,unknown,,review,False
long_term_stability/Fiber10/4.JPG,.jpg,355.2,2026-04-27T04:27Z,other,review_needed,False,,unknown,,review,False
long_term_stability/Fiber10/5.JPG,.jpg,355.4,2026-04-27T04:27Z,other,review_needed,False,,unknown,,review,False
long_term_stability/Fiber10/6.JPG,.jpg,355.6,2026-04-27T04:27Z,other,review_needed,False,,unknown,,review,False
long_term_stability/Fiber10/7.JPG,.jpg,356.2,2026-04-27T04:28Z,other,review_needed,False,,unknown,,review,False
long_term_stability/Fiber10/8.JPG,.jpg,355.9,2026-04-27T04:28Z,other,review_needed,False,,unknown,,review,False
long_term_stability/Fiber10/9.JPG,.jpg,356.2,2026-04-27T04:28Z,other,review_needed,False,,unknown,,review,False
long_term_stability/Fiber11/1.JPG,.jpg,445.8,2026-04-27T04:38Z,other,review_needed,False,,unknown,,review,False
long_term_stability/Fiber11/10.JPG,.jpg,446.3,2026-04-27T04:40Z,other,review_needed,False,,unknown,,review,False
long_term_stability/Fiber11/11.JPG,.jpg,446.4,2026-04-27T04:41Z,other,review_needed,False,,unknown,,review,False
long_term_stability/Fiber11/12.JPG,.jpg,446.3,2026-04-27T04:41Z,other,review_needed,False,,unknown,,review,False
long_term_stability/Fiber11/13.JPG,.jpg,446.1,2026-04-27T04:41Z,other,review_needed,False,,unknown,,review,False
long_term_stability/Fiber11/2.JPG,.jpg,446.2,2026-04-27T04:38Z,other,review_needed,False,,unknown,,review,False
long_term_stability/Fiber11/3.JPG,.jpg,445.6,2026-04-27T04:38Z,other,review_needed,False,,unknown,,review,False
long_term_stability/Fiber11/4.JPG,.jpg,446.0,2026-04-27T04:39Z,other,review_needed,False,,unknown,,review,False
long_term_stability/Fiber11/5.JPG,.jpg,446.5,2026-04-27T04:39Z,other,review_needed,False,,unknown,,review,False
long_term_stability/Fiber11/6.JPG,.jpg,447.6,2026-04-27T04:39Z,other,review_needed,False,,unknown,,review,False
long_term_stability/Fiber11/7.JPG,.jpg,446.5,2026-04-27T04:40Z,other,review_needed,False,,unknown,,review,False
long_term_stability/Fiber11/8.JPG,.jpg,446.7,2026-04-27T04:40Z,other,review_needed,False,,unknown,,review,False
long_term_stability/Fiber11/9.JPG,.jpg,446.6,2026-04-27T04:40Z,other,review_needed,False,,unknown,,review,False
long_term_stability/Fiber12/1.JPG,.jpg,422.0,2026-04-27T04:50Z,other,review_needed,False,,unknown,,review,False
long_term_stability/Fiber12/10.JPG,.jpg,421.9,2026-04-27T04:53Z,other,review_needed,False,,unknown,,review,False
long_term_stability/Fiber12/11.JPG,.jpg,421.5,2026-04-27T04:53Z,other,review_needed,False,,unknown,,review,False
long_term_stability/Fiber12/12.JPG,.jpg,420.7,2026-04-27T04:53Z,other,review_needed,False,,unknown,,review,False
long_term_stability/Fiber12/13.JPG,.jpg,421.2,2026-04-27T04:53Z,other,review_needed,False,,unknown,,review,False
long_term_stability/Fiber12/2.JPG,.jpg,423.1,2026-04-27T04:51Z,other,review_needed,False,,unknown,,review,False
long_term_stability/Fiber12/3.JPG,.jpg,422.0,2026-04-27T04:51Z,other,review_needed,False,,unknown,,review,False
long_term_stability/Fiber12/4.JPG,.jpg,421.3,2026-04-27T04:51Z,other,review_needed,False,,unknown,,review,False
long_term_stability/Fiber12/5.JPG,.jpg,422.2,2026-04-27T04:51Z,other,review_needed,False,,unknown,,review,False
long_term_stability/Fiber12/6.JPG,.jpg,421.0,2026-04-27T04:52Z,other,review_needed,False,,unknown,,review,False
long_term_stability/Fiber12/7.JPG,.jpg,421.8,2026-04-27T04:52Z,other,review_needed,False,,unknown,,review,False
long_term_stability/Fiber12/8.JPG,.jpg,421.8,2026-04-27T04:52Z,other,review_needed,False,,unknown,,review,False
long_term_stability/Fiber12/9.JPG,.jpg,421.7,2026-04-27T04:52Z,other,review_needed,False,,unknown,,review,False
long_term_stability/Fiber13/1.JPG,.jpg,443.4,2026-04-27T05:04Z,other,review_needed,False,,unknown,,review,False
long_term_stability/Fiber13/10.JPG,.jpg,442.8,2026-04-27T05:06Z,other,review_needed,False,,unknown,,review,False
long_term_stability/Fiber13/11.JPG,.jpg,443.2,2026-04-27T05:06Z,other,review_needed,False,,unknown,,review,False
long_term_stability/Fiber13/12.JPG,.jpg,443.6,2026-04-27T05:07Z,other,review_needed,False,,unknown,,review,False
long_term_stability/Fiber13/13.JPG,.jpg,443.4,2026-04-27T05:07Z,other,review_needed,False,,unknown,,review,False
long_term_stability/Fiber13/2.JPG,.jpg,444.1,2026-04-27T05:04Z,other,review_needed,False,,unknown,,review,False
long_term_stability/Fiber13/3.JPG,.jpg,443.8,2026-04-27T05:04Z,other,review_needed,False,,unknown,,review,False
long_term_stability/Fiber13/4.JPG,.jpg,443.7,2026-04-27T05:05Z,other,review_needed,False,,unknown,,review,False
long_term_stability/Fiber13/5.JPG,.jpg,443.1,2026-04-27T05:05Z,other,review_needed,False,,unknown,,review,False
long_term_stability/Fiber13/6.JPG,.jpg,444.3,2026-04-27T05:05Z,other,review_needed,False,,unknown,,review,False
long_term_stability/Fiber13/7.JPG,.jpg,444.0,2026-04-27T05:05Z,other,review_needed,False,,unknown,,review,False
long_term_stability/Fiber13/8.JPG,.jpg,443.8,2026-04-27T05:06Z,other,review_needed,False,,unknown,,review,False
long_term_stability/Fiber13/9.JPG,.jpg,443.4,2026-04-27T05:06Z,other,review_needed,False,,unknown,,review,False
long_term_stability/Fiber14/1.JPG,.jpg,396.8,2026-04-27T12:46Z,other,review_needed,False,,unknown,,review,False
long_term_stability/Fiber14/10.JPG,.jpg,397.4,2026-04-27T12:48Z,other,review_needed,False,,unknown,,review,False
long_term_stability/Fiber14/11.JPG,.jpg,397.7,2026-04-27T12:49Z,other,review_needed,False,,unknown,,review,False
long_term_stability/Fiber14/12.JPG,.jpg,397.4,2026-04-27T12:49Z,other,review_needed,False,,unknown,,review,False
long_term_stability/Fiber14/13.JPG,.jpg,397.4,2026-04-27T12:49Z,other,review_needed,False,,unknown,,review,False
long_term_stability/Fiber14/2.JPG,.jpg,397.1,2026-04-27T12:46Z,other,review_needed,False,,unknown,,review,False
long_term_stability/Fiber14/3.JPG,.jpg,397.3,2026-04-27T12:47Z,other,review_needed,False,,unknown,,review,False
long_term_stability/Fiber14/4.JPG,.jpg,398.3,2026-04-27T12:47Z,other,review_needed,False,,unknown,,review,False
long_term_stability/Fiber14/5.JPG,.jpg,397.6,2026-04-27T12:47Z,other,review_needed,False,,unknown,,review,False
long_term_stability/Fiber14/6.JPG,.jpg,396.7,2026-04-27T12:47Z,other,review_needed,False,,unknown,,review,False
long_term_stability/Fiber14/7.JPG,.jpg,397.1,2026-04-27T12:48Z,other,review_needed,False,,unknown,,review,False
long_term_stability/Fiber14/8.JPG,.jpg,396.6,2026-04-27T12:48Z,other,review_needed,False,,unknown,,review,False
long_term_stability/Fiber14/9.JPG,.jpg,397.0,2026-04-27T12:48Z,other,review_needed,False,,unknown,,review,False
long_term_stability/Fiber15/1.JPG,.jpg,342.5,2026-04-27T12:33Z,other,review_needed,False,,unknown,,review,False
long_term_stability/Fiber15/10.JPG,.jpg,341.9,2026-04-27T12:35Z,other,review_needed,False,,unknown,,review,False
long_term_stability/Fiber15/11.JPG,.jpg,340.4,2026-04-27T12:35Z,other,review_needed,False,,unknown,,review,False
long_term_stability/Fiber15/12.JPG,.jpg,341.6,2026-04-27T12:35Z,other,review_needed,False,,unknown,,review,False
long_term_stability/Fiber15/13.JPG,.jpg,340.9,2026-04-27T12:36Z,other,review_needed,False,,unknown,,review,False
long_term_stability/Fiber15/2.JPG,.jpg,343.1,2026-04-27T12:33Z,other,review_needed,False,,unknown,,review,False
long_term_stability/Fiber15/3.JPG,.jpg,342.5,2026-04-27T12:33Z,other,review_needed,False,,unknown,,review,False
long_term_stability/Fiber15/4.JPG,.jpg,342.9,2026-04-27T12:33Z,other,review_needed,False,,unknown,,review,False
long_term_stability/Fiber15/5.JPG,.jpg,340.6,2026-04-27T12:34Z,other,review_needed,False,,unknown,,review,False
long_term_stability/Fiber15/6.JPG,.jpg,342.0,2026-04-27T12:34Z,other,review_needed,False,,unknown,,review,False
long_term_stability/Fiber15/7.JPG,.jpg,341.8,2026-04-27T12:34Z,other,review_needed,False,,unknown,,review,False
long_term_stability/Fiber15/8.JPG,.jpg,341.9,2026-04-27T12:34Z,other,review_needed,False,,unknown,,review,False
long_term_stability/Fiber15/9.JPG,.jpg,342.7,2026-04-27T12:35Z,other,review_needed,False,,unknown,,review,False
long_term_stability/Fiber2/1.JPG,.jpg,405.2,2026-04-26T13:10Z,other,review_needed,False,,unknown,,review,False
long_term_stability/Fiber2/10.JPG,.jpg,403.3,2026-04-26T13:13Z,other,review_needed,False,,unknown,,review,False
long_term_stability/Fiber2/11.JPG,.jpg,403.0,2026-04-26T13:14Z,other,review_needed,False,,unknown,,review,False
long_term_stability/Fiber2/12.JPG,.jpg,403.5,2026-04-26T13:14Z,other,review_needed,False,,unknown,,review,False
long_term_stability/Fiber2/13.JPG,.jpg,403.1,2026-04-26T13:14Z,other,review_needed,False,,unknown,,review,False
long_term_stability/Fiber2/2.JPG,.jpg,403.3,2026-04-26T13:10Z,other,review_needed,False,,unknown,,review,False
long_term_stability/Fiber2/3.JPG,.jpg,402.4,2026-04-26T13:11Z,other,review_needed,False,,unknown,,review,False
long_term_stability/Fiber2/4.JPG,.jpg,402.5,2026-04-26T13:11Z,other,review_needed,False,,unknown,,review,False
long_term_stability/Fiber2/5.JPG,.jpg,402.5,2026-04-26T13:11Z,other,review_needed,False,,unknown,,review,False
long_term_stability/Fiber2/6.JPG,.jpg,402.8,2026-04-26T13:12Z,other,review_needed,False,,unknown,,review,False
long_term_stability/Fiber2/7.JPG,.jpg,402.9,2026-04-26T13:12Z,other,review_needed,False,,unknown,,review,False
long_term_stability/Fiber2/8.JPG,.jpg,403.2,2026-04-26T13:12Z,other,review_needed,False,,unknown,,review,False
long_term_stability/Fiber2/9.JPG,.jpg,403.2,2026-04-26T13:13Z,other,review_needed,False,,unknown,,review,False
long_term_stability/Fiber3/1.JPG,.jpg,397.5,2026-04-26T13:28Z,other,review_needed,False,,unknown,,review,False
long_term_stability/Fiber3/10.JPG,.jpg,396.8,2026-04-26T13:31Z,other,review_needed,False,,unknown,,review,False
long_term_stability/Fiber3/11.JPG,.jpg,397.0,2026-04-26T13:31Z,other,review_needed,False,,unknown,,review,False
long_term_stability/Fiber3/12.JPG,.jpg,396.8,2026-04-26T13:31Z,other,review_needed,False,,unknown,,review,False
long_term_stability/Fiber3/13.JPG,.jpg,396.4,2026-04-26T13:32Z,other,review_needed,False,,unknown,,review,False
long_term_stability/Fiber3/2.JPG,.jpg,397.6,2026-04-26T13:28Z,other,review_needed,False,,unknown,,review,False
long_term_stability/Fiber3/3.JPG,.jpg,397.1,2026-04-26T13:28Z,other,review_needed,False,,unknown,,review,False
long_term_stability/Fiber3/4.JPG,.jpg,396.8,2026-04-26T13:29Z,other,review_needed,False,,unknown,,review,False
long_term_stability/Fiber3/5.JPG,.jpg,397.3,2026-04-26T13:29Z,other,review_needed,False,,unknown,,review,False
long_term_stability/Fiber3/6.JPG,.jpg,397.7,2026-04-26T13:29Z,other,review_needed,False,,unknown,,review,False
long_term_stability/Fiber3/7.JPG,.jpg,397.7,2026-04-26T13:30Z,other,review_needed,False,,unknown,,review,False
long_term_stability/Fiber3/8.JPG,.jpg,397.3,2026-04-26T13:30Z,other,review_needed,False,,unknown,,review,False
long_term_stability/Fiber3/9.JPG,.jpg,397.2,2026-04-26T13:30Z,other,review_needed,False,,unknown,,review,False
long_term_stability/Fiber4/1.JPG,.jpg,344.6,2026-04-26T15:04Z,other,review_needed,False,,unknown,,review,False
long_term_stability/Fiber4/10.JPG,.jpg,345.4,2026-04-26T15:06Z,other,review_needed,False,,unknown,,review,False
long_term_stability/Fiber4/11.JPG,.jpg,344.9,2026-04-26T15:06Z,other,review_needed,False,,unknown,,review,False
long_term_stability/Fiber4/12.JPG,.jpg,346.1,2026-04-26T15:07Z,other,review_needed,False,,unknown,,review,False
long_term_stability/Fiber4/13.JPG,.jpg,345.0,2026-04-26T15:07Z,other,review_needed,False,,unknown,,review,False
long_term_stability/Fiber4/2.JPG,.jpg,344.7,2026-04-26T15:04Z,other,review_needed,False,,unknown,,review,False
long_term_stability/Fiber4/3.JPG,.jpg,344.9,2026-04-26T15:04Z,other,review_needed,False,,unknown,,review,False
long_term_stability/Fiber4/4.JPG,.jpg,345.0,2026-04-26T15:05Z,other,review_needed,False,,unknown,,review,False
long_term_stability/Fiber4/5.JPG,.jpg,344.7,2026-04-26T15:05Z,other,review_needed,False,,unknown,,review,False
long_term_stability/Fiber4/6.JPG,.jpg,344.6,2026-04-26T15:05Z,other,review_needed,False,,unknown,,review,False
long_term_stability/Fiber4/7.JPG,.jpg,345.1,2026-04-26T15:05Z,other,review_needed,False,,unknown,,review,False
long_term_stability/Fiber4/8.JPG,.jpg,345.3,2026-04-26T15:06Z,other,review_needed,False,,unknown,,review,False
long_term_stability/Fiber4/9.JPG,.jpg,345.1,2026-04-26T15:06Z,other,review_needed,False,,unknown,,review,False
long_term_stability/Fiber5/1.JPG,.jpg,343.7,2026-04-26T14:08Z,other,review_needed,False,,unknown,,review,False
long_term_stability/Fiber5/10.JPG,.jpg,343.3,2026-04-26T14:10Z,other,review_needed,False,,unknown,,review,False
long_term_stability/Fiber5/11.JPG,.jpg,342.9,2026-04-26T14:10Z,other,review_needed,False,,unknown,,review,False
long_term_stability/Fiber5/12.JPG,.jpg,343.0,2026-04-26T14:11Z,other,review_needed,False,,unknown,,review,False
long_term_stability/Fiber5/13.JPG,.jpg,343.0,2026-04-26T14:11Z,other,review_needed,False,,unknown,,review,False
long_term_stability/Fiber5/2.JPG,.jpg,343.6,2026-04-26T14:08Z,other,review_needed,False,,unknown,,review,False
long_term_stability/Fiber5/3.JPG,.jpg,344.2,2026-04-26T14:08Z,other,review_needed,False,,unknown,,review,False
long_term_stability/Fiber5/4.JPG,.jpg,343.6,2026-04-26T14:08Z,other,review_needed,False,,unknown,,review,False
long_term_stability/Fiber5/5.JPG,.jpg,343.8,2026-04-26T14:09Z,other,review_needed,False,,unknown,,review,False
long_term_stability/Fiber5/6.JPG,.jpg,343.9,2026-04-26T14:09Z,other,review_needed,False,,unknown,,review,False
long_term_stability/Fiber5/7.JPG,.jpg,343.9,2026-04-26T14:09Z,other,review_needed,False,,unknown,,review,False
long_term_stability/Fiber5/8.JPG,.jpg,343.8,2026-04-26T14:10Z,other,review_needed,False,,unknown,,review,False
long_term_stability/Fiber5/9.JPG,.jpg,343.3,2026-04-26T14:10Z,other,review_needed,False,,unknown,,review,False
long_term_stability/Fiber6/1.JPG,.jpg,386.8,2026-04-26T14:31Z,other,review_needed,False,,unknown,,review,False
long_term_stability/Fiber6/10.JPG,.jpg,387.7,2026-04-26T14:29Z,other,review_needed,False,,unknown,,review,False
long_term_stability/Fiber6/11.JPG,.jpg,387.7,2026-04-26T14:29Z,other,review_needed,False,,unknown,,review,False
long_term_stability/Fiber6/12.JPG,.jpg,387.5,2026-04-26T14:30Z,other,review_needed,False,,unknown,,review,False
long_term_stability/Fiber6/13.JPG,.jpg,387.4,2026-04-26T14:30Z,other,review_needed,False,,unknown,,review,False
long_term_stability/Fiber6/2.JPG,.jpg,387.0,2026-04-26T14:31Z,other,review_needed,False,,unknown,,review,False
long_term_stability/Fiber6/3.JPG,.jpg,387.5,2026-04-26T14:30Z,other,review_needed,False,,unknown,,review,False
long_term_stability/Fiber6/4.JPG,.jpg,387.5,2026-04-26T14:30Z,other,review_needed,False,,unknown,,review,False
long_term_stability/Fiber6/5.JPG,.jpg,387.4,2026-04-26T14:31Z,other,review_needed,False,,unknown,,review,False
long_term_stability/Fiber6/6.JPG,.jpg,387.2,2026-04-26T14:28Z,other,review_needed,False,,unknown,,review,False
long_term_stability/Fiber6/7.JPG,.jpg,387.5,2026-04-26T14:28Z,other,review_needed,False,,unknown,,review,False
long_term_stability/Fiber6/8.JPG,.jpg,387.1,2026-04-26T14:29Z,other,review_needed,False,,unknown,,review,False
long_term_stability/Fiber6/9.JPG,.jpg,386.9,2026-04-26T14:29Z,other,review_needed,False,,unknown,,review,False
long_term_stability/Fiber7/1.JPG,.jpg,339.4,2026-04-26T14:43Z,other,review_needed,False,,unknown,,review,False
long_term_stability/Fiber7/10.JPG,.jpg,340.4,2026-04-26T14:45Z,other,review_needed,False,,unknown,,review,False
long_term_stability/Fiber7/11.JPG,.jpg,340.9,2026-04-26T14:46Z,other,review_needed,False,,unknown,,review,False
long_term_stability/Fiber7/12.JPG,.jpg,341.2,2026-04-26T14:46Z,other,review_needed,False,,unknown,,review,False
long_term_stability/Fiber7/13.JPG,.jpg,341.2,2026-04-26T14:46Z,other,review_needed,False,,unknown,,review,False
long_term_stability/Fiber7/2.JPG,.jpg,340.2,2026-04-26T14:43Z,other,review_needed,False,,unknown,,review,False
long_term_stability/Fiber7/3.JPG,.jpg,340.2,2026-04-26T14:44Z,other,review_needed,False,,unknown,,review,False
long_term_stability/Fiber7/4.JPG,.jpg,340.0,2026-04-26T14:44Z,other,review_needed,False,,unknown,,review,False
long_term_stability/Fiber7/5.JPG,.jpg,339.9,2026-04-26T14:44Z,other,review_needed,False,,unknown,,review,False
long_term_stability/Fiber7/6.JPG,.jpg,340.5,2026-04-26T14:44Z,other,review_needed,False,,unknown,,review,False
long_term_stability/Fiber7/7.JPG,.jpg,340.8,2026-04-26T14:45Z,other,review_needed,False,,unknown,,review,False
long_term_stability/Fiber7/8.JPG,.jpg,340.0,2026-04-26T14:45Z,other,review_needed,False,,unknown,,review,False
long_term_stability/Fiber7/9.JPG,.jpg,340.3,2026-04-26T14:45Z,other,review_needed,False,,unknown,,review,False
long_term_stability/Fiber8/1.JPG,.jpg,441.7,2026-04-27T03:54Z,other,review_needed,False,,unknown,,review,False
long_term_stability/Fiber8/10.JPG,.jpg,443.2,2026-04-27T03:56Z,other,review_needed,False,,unknown,,review,False
long_term_stability/Fiber8/11.JPG,.jpg,442.8,2026-04-27T03:56Z,other,review_needed,False,,unknown,,review,False
long_term_stability/Fiber8/12.JPG,.jpg,443.0,2026-04-27T03:56Z,other,review_needed,False,,unknown,,review,False
long_term_stability/Fiber8/13.JPG,.jpg,443.0,2026-04-27T03:57Z,other,review_needed,False,,unknown,,review,False
long_term_stability/Fiber8/2.JPG,.jpg,442.2,2026-04-27T03:54Z,other,review_needed,False,,unknown,,review,False
long_term_stability/Fiber8/3.JPG,.jpg,442.3,2026-04-27T03:54Z,other,review_needed,False,,unknown,,review,False
long_term_stability/Fiber8/4.JPG,.jpg,442.3,2026-04-27T03:54Z,other,review_needed,False,,unknown,,review,False
long_term_stability/Fiber8/5.JPG,.jpg,442.6,2026-04-27T03:55Z,other,review_needed,False,,unknown,,review,False
long_term_stability/Fiber8/6.JPG,.jpg,443.1,2026-04-27T03:55Z,other,review_needed,False,,unknown,,review,False
long_term_stability/Fiber8/7.JPG,.jpg,443.4,2026-04-27T03:55Z,other,review_needed,False,,unknown,,review,False
long_term_stability/Fiber8/8.JPG,.jpg,443.4,2026-04-27T03:55Z,other,review_needed,False,,unknown,,review,False
long_term_stability/Fiber8/9.JPG,.jpg,443.2,2026-04-27T03:56Z,other,review_needed,False,,unknown,,review,False
long_term_stability/Fiber9/1.JPG,.jpg,415.4,2026-04-27T04:10Z,other,review_needed,False,,unknown,,review,False
long_term_stability/Fiber9/10.JPG,.jpg,415.5,2026-04-27T04:12Z,other,review_needed,False,,unknown,,review,False
long_term_stability/Fiber9/11.JPG,.jpg,415.4,2026-04-27T04:12Z,other,review_needed,False,,unknown,,review,False
long_term_stability/Fiber9/12.JPG,.jpg,415.1,2026-04-27T04:13Z,other,review_needed,False,,unknown,,review,False
long_term_stability/Fiber9/13.JPG,.jpg,415.1,2026-04-27T04:13Z,other,review_needed,False,,unknown,,review,False
long_term_stability/Fiber9/2.JPG,.jpg,415.4,2026-04-27T04:10Z,other,review_needed,False,,unknown,,review,False
long_term_stability/Fiber9/3.JPG,.jpg,416.1,2026-04-27T04:10Z,other,review_needed,False,,unknown,,review,False
long_term_stability/Fiber9/4.JPG,.jpg,416.6,2026-04-27T04:11Z,other,review_needed,False,,unknown,,review,False
long_term_stability/Fiber9/5.JPG,.jpg,416.3,2026-04-27T04:11Z,other,review_needed,False,,unknown,,review,False
long_term_stability/Fiber9/6.JPG,.jpg,416.1,2026-04-27T04:11Z,other,review_needed,False,,unknown,,review,False
long_term_stability/Fiber9/7.JPG,.jpg,416.0,2026-04-27T04:11Z,other,review_needed,False,,unknown,,review,False
long_term_stability/Fiber9/8.JPG,.jpg,415.8,2026-04-27T04:12Z,other,review_needed,False,,unknown,,review,False
long_term_stability/Fiber9/9.JPG,.jpg,415.3,2026-04-27T04:12Z,other,review_needed,False,,unknown,,review,False
paper_assets/pdf/competition_fig4_length_optimization.pdf,.pdf,25.0,2026-05-12T08:15Z,publication_pack,paper_ready_or_near,False,scripts/collect_paper_assets.py,results/length_optimization_green/tables/per_length_summary.csv,,redraw_or_copy_into_figures_paper,False
paper_assets/pdf/competition_fig7_dual_channel_characterization.pdf,.pdf,25.0,2026-05-12T08:16Z,publication_pack,paper_ready_or_near,False,scripts/collect_paper_assets.py,unknown,,redraw_or_copy_into_figures_paper,False
paper_assets/pdf/competition_fig8_common_mode_suppression.pdf,.pdf,17.9,2026-05-12T08:16Z,publication_pack,paper_ready_or_near,False,scripts/collect_paper_assets.py,unknown,,redraw_or_copy_into_figures_paper,False
paper_assets/pdf/figures_fig_auth_gap.pdf,.pdf,27.9,2026-05-05T07:56Z,publication_pack,paper_ready_or_near,False,scripts/collect_paper_assets.py,results/fiber_auth/auth_matrix.json; results/*/test_predictions.csv,,redraw_or_copy_into_figures_paper,False
paper_assets/pdf/figures_fig_auth_matrix.pdf,.pdf,30.6,2026-05-05T07:56Z,publication_pack,paper_ready_or_near,False,scripts/collect_paper_assets.py,results/fiber_auth/auth_matrix.json; results/*/test_predictions.csv,,redraw_or_copy_into_figures_paper,False
paper_assets/pdf/figures_fig_auth_scores.pdf,.pdf,20.2,2026-05-05T07:56Z,publication_pack,paper_ready_or_near,False,scripts/collect_paper_assets.py,results/fiber_auth/auth_matrix.json; results/*/test_predictions.csv,,redraw_or_copy_into_figures_paper,False
paper_assets/pdf/figures_fig_ncc_hd.pdf,.pdf,23.4,2026-05-05T08:05Z,publication_pack,paper_ready_or_near,False,scripts/collect_paper_assets.py,unknown,,redraw_or_copy_into_figures_paper,False
paper_assets/pdf/figures_fig_same_fiber_per_domain.pdf,.pdf,15.8,2026-05-05T07:56Z,publication_pack,paper_ready_or_near,False,scripts/collect_paper_assets.py,unknown,,redraw_or_copy_into_figures_paper,False
paper_assets/pdf/figures_fig_speckle_examples.pdf,.pdf,4314.0,2026-05-05T07:56Z,publication_pack,paper_ready_or_near,False,scripts/collect_paper_assets.py,unknown,,redraw_or_copy_into_figures_paper,False
paper_assets/pdf/figures_fig_test_accuracy_summary.pdf,.pdf,19.0,2026-05-05T07:59Z,publication_pack,paper_ready_or_near,False,scripts/collect_paper_assets.py,results/fiber_auth/auth_matrix.json; results/*/test_predictions.csv,,redraw_or_copy_into_figures_paper,False
paper_assets/pdf/figures_fig_training_curves.pdf,.pdf,19.0,2026-05-05T07:59Z,publication_pack,paper_ready_or_near,False,scripts/collect_paper_assets.py,unknown,,redraw_or_copy_into_figures_paper,False
paper_assets/pdf/figures_new_datasets_analysis_disturbance_sensitivity_analysis.pdf,.pdf,34.8,2026-05-05T07:51Z,publication_pack,paper_ready_or_near,False,scripts/collect_paper_assets.py,long_term_stability/; disturbance_sensitivity/; power_common_mode/,,redraw_or_copy_into_figures_paper,False
paper_assets/pdf/figures_new_datasets_analysis_long_term_stability_analysis.pdf,.pdf,26.2,2026-05-05T07:51Z,publication_pack,paper_ready_or_near,False,scripts/collect_paper_assets.py,long_term_stability/; disturbance_sensitivity/; power_common_mode/,,redraw_or_copy_into_figures_paper,False
paper_assets/pdf/figures_new_datasets_analysis_power_common_mode_analysis.pdf,.pdf,24.6,2026-05-05T07:51Z,publication_pack,paper_ready_or_near,False,scripts/collect_paper_assets.py,long_term_stability/; disturbance_sensitivity/; power_common_mode/,,redraw_or_copy_into_figures_paper,False
paper_assets/pdf/publication_publication_fig02_speckle_response.pdf,.pdf,2958.0,2026-05-12T07:49Z,publication_pack,paper_ready_or_near,False,scripts/collect_paper_assets.py,unknown,,redraw_or_copy_into_figures_paper,False
paper_assets/pdf/publication_publication_fig02_speckle_response_pseudocolor.pdf,.pdf,7051.3,2026-05-12T07:49Z,publication_pack,paper_ready_or_near,False,scripts/collect_paper_assets.py,unknown,,redraw_or_copy_into_figures_paper,False
paper_assets/pdf/publication_publication_fig03_length_optimization.pdf,.pdf,75.9,2026-05-12T07:49Z,publication_pack,paper_ready_or_near,False,scripts/collect_paper_assets.py,unknown,,redraw_or_copy_into_figures_paper,False
paper_assets/pdf/publication_publication_fig04_cross_fiber_auth.pdf,.pdf,39.2,2026-05-12T07:49Z,publication_pack,paper_ready_or_near,False,scripts/collect_paper_assets.py,results/fiber_auth/auth_matrix.json; results/*/test_predictions.csv,,redraw_or_copy_into_figures_paper,False
paper_assets/pdf/publication_publication_fig04_length_optimization.pdf,.pdf,75.9,2026-05-12T07:49Z,publication_pack,paper_ready_or_near,False,scripts/collect_paper_assets.py,unknown,,redraw_or_copy_into_figures_paper,False
paper_assets/pdf/publication_publication_fig05_dual_channel_robustness.pdf,.pdf,32.7,2026-05-12T07:49Z,publication_pack,paper_ready_or_near,False,scripts/collect_paper_assets.py,unknown,,redraw_or_copy_into_figures_paper,False
paper_assets/pdf/publication_supplementary_fig_s1_ncc_hd.pdf,.pdf,22.1,2026-05-12T07:52Z,publication_pack,paper_ready_or_near,False,scripts/collect_paper_assets.py,unknown,,redraw_or_copy_into_figures_paper,False
paper_assets/pdf/publication_supplementary_fig_s2_reinstallation_robustness.pdf,.pdf,20.8,2026-05-12T07:52Z,publication_pack,paper_ready_or_near,False,scripts/collect_paper_assets.py,unknown,,redraw_or_copy_into_figures_paper,False
paper_assets/png/competition_fig4_length_optimization.png,.png,207.8,2026-05-12T08:15Z,publication_pack,paper_ready_or_near,False,scripts/collect_paper_assets.py,results/length_optimization_green/tables/per_length_summary.csv,,redraw_or_copy_into_figures_paper,False
paper_assets/png/competition_fig7_dual_channel_characterization.png,.png,148.2,2026-05-12T08:16Z,publication_pack,paper_ready_or_near,False,scripts/collect_paper_assets.py,unknown,,redraw_or_copy_into_figures_paper,False
paper_assets/png/competition_fig8_common_mode_suppression.png,.png,80.1,2026-05-12T08:16Z,publication_pack,paper_ready_or_near,False,scripts/collect_paper_assets.py,unknown,,redraw_or_copy_into_figures_paper,False
paper_assets/png/figures_fig_auth_gap.png,.png,209.6,2026-05-05T07:56Z,publication_pack,paper_ready_or_near,False,scripts/collect_paper_assets.py,results/fiber_auth/auth_matrix.json; results/*/test_predictions.csv,,redraw_or_copy_into_figures_paper,False
paper_assets/png/figures_fig_auth_matrix.png,.png,203.9,2026-05-05T07:56Z,publication_pack,paper_ready_or_near,False,scripts/collect_paper_assets.py,results/fiber_auth/auth_matrix.json; results/*/test_predictions.csv,,redraw_or_copy_into_figures_paper,False
paper_assets/png/figures_fig_auth_scores.png,.png,180.1,2026-05-05T07:56Z,publication_pack,paper_ready_or_near,False,scripts/collect_paper_assets.py,results/fiber_auth/auth_matrix.json; results/*/test_predictions.csv,,redraw_or_copy_into_figures_paper,False
paper_assets/png/figures_fig_green_length_entropy_per_length.png,.png,159.7,2026-05-05T07:51Z,publication_pack,paper_ready_or_near,False,scripts/run_partial_length_analysis.py,unknown,,redraw_or_copy_into_figures_paper,False
paper_assets/png/figures_fig_green_length_intensity_histogram.png,.png,314.0,2026-05-05T07:51Z,publication_pack,paper_ready_or_near,False,scripts/run_partial_length_analysis.py,unknown,,redraw_or_copy_into_figures_paper,False
paper_assets/png/figures_fig_green_length_intra_inter_by_length.png,.png,227.3,2026-05-05T07:56Z,publication_pack,paper_ready_or_near,False,scripts/run_partial_length_analysis.py,unknown,,redraw_or_copy_into_figures_paper,False
paper_assets/png/figures_fig_green_length_speckle_montage.png,.png,19212.5,2026-05-05T07:51Z,publication_pack,paper_ready_or_near,False,scripts/run_partial_length_analysis.py,unknown,,redraw_or_copy_into_figures_paper,False
paper_assets/png/figures_fig_ncc_hd.png,.png,181.4,2026-05-05T08:05Z,publication_pack,paper_ready_or_near,False,scripts/collect_paper_assets.py,unknown,,redraw_or_copy_into_figures_paper,False
paper_assets/png/figures_fig_same_fiber_per_domain.png,.png,126.7,2026-05-05T07:56Z,publication_pack,paper_ready_or_near,False,scripts/collect_paper_assets.py,unknown,,redraw_or_copy_into_figures_paper,False
paper_assets/png/figures_fig_speckle_examples.png,.png,4961.8,2026-05-05T07:56Z,publication_pack,paper_ready_or_near,False,scripts/collect_paper_assets.py,unknown,,redraw_or_copy_into_figures_paper,False
paper_assets/png/figures_fig_test_accuracy_summary.png,.png,94.1,2026-05-05T07:59Z,publication_pack,paper_ready_or_near,False,scripts/collect_paper_assets.py,results/fiber_auth/auth_matrix.json; results/*/test_predictions.csv,,redraw_or_copy_into_figures_paper,False
paper_assets/png/figures_fig_training_curves.png,.png,274.8,2026-05-05T07:59Z,publication_pack,paper_ready_or_near,False,scripts/collect_paper_assets.py,unknown,,redraw_or_copy_into_figures_paper,False
paper_assets/png/figures_new_datasets_analysis_disturbance_sensitivity_analysis.png,.png,282.7,2026-05-05T07:51Z,publication_pack,paper_ready_or_near,False,scripts/collect_paper_assets.py,long_term_stability/; disturbance_sensitivity/; power_common_mode/,,redraw_or_copy_into_figures_paper,False
paper_assets/png/figures_new_datasets_analysis_long_term_stability_analysis.png,.png,200.0,2026-05-05T07:51Z,publication_pack,paper_ready_or_near,False,scripts/collect_paper_assets.py,long_term_stability/; disturbance_sensitivity/; power_common_mode/,,redraw_or_copy_into_figures_paper,False
paper_assets/png/figures_new_datasets_analysis_power_common_mode_analysis.png,.png,245.0,2026-05-05T07:51Z,publication_pack,paper_ready_or_near,False,scripts/collect_paper_assets.py,long_term_stability/; disturbance_sensitivity/; power_common_mode/,,redraw_or_copy_into_figures_paper,False
paper_assets/png/figures_patent_fig1_system.png,.png,57.2,2026-04-27T08:29Z,publication_pack,paper_ready_or_near,False,scripts/collect_paper_assets.py,hand-authored / Blender render,,redraw_or_copy_into_figures_paper,False
paper_assets/png/figures_patent_fig2_modes.png,.png,99.6,2026-04-27T08:29Z,publication_pack,paper_ready_or_near,False,scripts/collect_paper_assets.py,hand-authored / Blender render,,redraw_or_copy_into_figures_paper,False
paper_assets/png/figures_patent_fig3_cmr.png,.png,97.5,2026-04-27T08:29Z,publication_pack,paper_ready_or_near,False,scripts/collect_paper_assets.py,hand-authored / Blender render,,redraw_or_copy_into_figures_paper,False
paper_assets/png/figures_patent_fig4_flowchart.png,.png,73.7,2026-04-27T08:29Z,publication_pack,paper_ready_or_near,False,scripts/collect_paper_assets.py,hand-authored / Blender render,,redraw_or_copy_into_figures_paper,False
paper_assets/png/figures_patent_optical_path_clean.png,.png,555.5,2026-04-27T12:31Z,publication_pack,paper_ready_or_near,False,scripts/collect_paper_assets.py,hand-authored / Blender render,,redraw_or_copy_into_figures_paper,False
paper_assets/png/figures_patent_optical_path_render.png,.png,409.8,2026-04-27T12:31Z,publication_pack,paper_ready_or_near,False,scripts/collect_paper_assets.py,hand-authored / Blender render,,redraw_or_copy_into_figures_paper,False
paper_assets/png/figures_softcopyright_screenshot_camera_permission.png,.png,44.2,2026-05-10T18:10Z,gui_debug_or_archive,non_paper_or_legacy,False,scripts/collect_paper_assets.py,unknown,,supplementary_fig8_or_archive,False
paper_assets/png/figures_softcopyright_screenshot_dialog_load_video.png,.png,886.0,2026-05-10T18:10Z,gui_debug_or_archive,non_paper_or_legacy,False,scripts/collect_paper_assets.py,unknown,,supplementary_fig8_or_archive,False
paper_assets/png/figures_softcopyright_screenshot_slm_window.png,.png,442.8,2026-05-10T18:10Z,gui_debug_or_archive,non_paper_or_legacy,False,scripts/collect_paper_assets.py,unknown,,supplementary_fig8_or_archive,False
paper_assets/png/figures_softcopyright_screenshot_step_access_denied.png,.png,925.2,2026-05-10T18:10Z,gui_debug_or_archive,non_paper_or_legacy,False,scripts/collect_paper_assets.py,unknown,,supplementary_fig8_or_archive,False
paper_assets/png/figures_softcopyright_screenshot_step_access_granted.png,.png,944.0,2026-05-10T18:10Z,gui_debug_or_archive,non_paper_or_legacy,False,scripts/collect_paper_assets.py,unknown,,supplementary_fig8_or_archive,False
paper_assets/png/figures_softcopyright_screenshot_step_camera_on.png,.png,875.3,2026-05-10T18:10Z,gui_debug_or_archive,non_paper_or_legacy,False,scripts/collect_paper_assets.py,unknown,,supplementary_fig8_or_archive,False
paper_assets/png/figures_softcopyright_screenshot_step_home.png,.png,220.3,2026-05-10T18:10Z,gui_debug_or_archive,non_paper_or_legacy,False,scripts/collect_paper_assets.py,unknown,,supplementary_fig8_or_archive,False
paper_assets/png/figures_softcopyright_screenshot_step_model_loaded.png,.png,855.9,2026-05-10T18:10Z,gui_debug_or_archive,non_paper_or_legacy,False,scripts/collect_paper_assets.py,unknown,,supplementary_fig8_or_archive,False
paper_assets/png/figures_softcopyright_screenshot_step_reading_puf.png,.png,940.4,2026-05-10T18:10Z,gui_debug_or_archive,non_paper_or_legacy,False,scripts/collect_paper_assets.py,unknown,,supplementary_fig8_or_archive,False
paper_assets/png/figures_softcopyright_screenshot_step_recognition_off.png,.png,861.0,2026-05-10T18:10Z,gui_debug_or_archive,non_paper_or_legacy,False,scripts/collect_paper_assets.py,unknown,,supplementary_fig8_or_archive,False
paper_assets/png/figures_softcopyright_screenshot_step_scan_cameras.png,.png,220.4,2026-05-10T18:10Z,gui_debug_or_archive,non_paper_or_legacy,False,scripts/collect_paper_assets.py,unknown,,supplementary_fig8_or_archive,False
paper_assets/png/figures_softcopyright_screenshot_step_stop_camera.png,.png,230.4,2026-05-10T18:10Z,gui_debug_or_archive,non_paper_or_legacy,False,scripts/collect_paper_assets.py,unknown,,supplementary_fig8_or_archive,False
paper_assets/png/publication_publication_fig02_speckle_response.png,.png,3862.8,2026-05-12T07:49Z,publication_pack,paper_ready_or_near,False,scripts/collect_paper_assets.py,unknown,,redraw_or_copy_into_figures_paper,False
paper_assets/png/publication_publication_fig02_speckle_response_pseudocolor.png,.png,8051.2,2026-05-12T07:49Z,publication_pack,paper_ready_or_near,False,scripts/collect_paper_assets.py,unknown,,redraw_or_copy_into_figures_paper,False
paper_assets/png/publication_publication_fig03_length_optimization.png,.png,535.2,2026-05-12T07:49Z,publication_pack,paper_ready_or_near,False,scripts/collect_paper_assets.py,unknown,,redraw_or_copy_into_figures_paper,False
paper_assets/png/publication_publication_fig04_cross_fiber_auth.png,.png,498.2,2026-05-12T07:49Z,publication_pack,paper_ready_or_near,False,scripts/collect_paper_assets.py,results/fiber_auth/auth_matrix.json; results/*/test_predictions.csv,,redraw_or_copy_into_figures_paper,False
paper_assets/png/publication_publication_fig04_length_optimization.png,.png,535.2,2026-05-12T07:49Z,publication_pack,paper_ready_or_near,False,scripts/collect_paper_assets.py,unknown,,redraw_or_copy_into_figures_paper,False
paper_assets/png/publication_publication_fig05_dual_channel_robustness.png,.png,493.4,2026-05-12T07:49Z,publication_pack,paper_ready_or_near,False,scripts/collect_paper_assets.py,unknown,,redraw_or_copy_into_figures_paper,False
paper_assets/png/publication_supplementary_fig_s1_ncc_hd.png,.png,172.0,2026-05-12T07:52Z,publication_pack,paper_ready_or_near,False,scripts/collect_paper_assets.py,unknown,,redraw_or_copy_into_figures_paper,False
paper_assets/png/publication_supplementary_fig_s2_reinstallation_robustness.png,.png,160.3,2026-05-12T07:52Z,publication_pack,paper_ready_or_near,False,scripts/collect_paper_assets.py,unknown,,redraw_or_copy_into_figures_paper,False
paper_assets/svg/competition_fig4_length_optimization.svg,.svg,78.3,2026-05-12T08:15Z,publication_pack,paper_ready_or_near,False,scripts/collect_paper_assets.py,results/length_optimization_green/tables/per_length_summary.csv,,redraw_or_copy_into_figures_paper,False
paper_assets/svg/competition_fig7_dual_channel_characterization.svg,.svg,75.3,2026-05-12T08:16Z,publication_pack,paper_ready_or_near,False,scripts/collect_paper_assets.py,unknown,,redraw_or_copy_into_figures_paper,False
paper_assets/svg/competition_fig8_common_mode_suppression.svg,.svg,43.6,2026-05-12T08:16Z,publication_pack,paper_ready_or_near,False,scripts/collect_paper_assets.py,unknown,,redraw_or_copy_into_figures_paper,False
paper_assets/svg/figures_fig_auth_gap.svg,.svg,71.4,2026-05-05T07:56Z,publication_pack,paper_ready_or_near,False,scripts/collect_paper_assets.py,results/fiber_auth/auth_matrix.json; results/*/test_predictions.csv,,redraw_or_copy_into_figures_paper,False
paper_assets/svg/figures_fig_auth_matrix.svg,.svg,78.1,2026-05-05T07:56Z,publication_pack,paper_ready_or_near,False,scripts/collect_paper_assets.py,results/fiber_auth/auth_matrix.json; results/*/test_predictions.csv,,redraw_or_copy_into_figures_paper,False
paper_assets/svg/figures_fig_auth_scores.svg,.svg,55.6,2026-05-05T07:56Z,publication_pack,paper_ready_or_near,False,scripts/collect_paper_assets.py,results/fiber_auth/auth_matrix.json; results/*/test_predictions.csv,,redraw_or_copy_into_figures_paper,False
paper_assets/svg/figures_fig_ncc_hd.svg,.svg,105.4,2026-05-05T08:05Z,publication_pack,paper_ready_or_near,False,scripts/collect_paper_assets.py,unknown,,redraw_or_copy_into_figures_paper,False
paper_assets/svg/figures_fig_same_fiber_per_domain.svg,.svg,39.4,2026-05-05T07:56Z,publication_pack,paper_ready_or_near,False,scripts/collect_paper_assets.py,unknown,,redraw_or_copy_into_figures_paper,False
paper_assets/svg/figures_fig_speckle_examples.svg,.svg,6324.9,2026-05-05T07:56Z,publication_pack,paper_ready_or_near,False,scripts/collect_paper_assets.py,unknown,,redraw_or_copy_into_figures_paper,False
paper_assets/svg/figures_fig_test_accuracy_summary.svg,.svg,33.0,2026-05-05T07:59Z,publication_pack,paper_ready_or_near,False,scripts/collect_paper_assets.py,results/fiber_auth/auth_matrix.json; results/*/test_predictions.csv,,redraw_or_copy_into_figures_paper,False
paper_assets/svg/figures_fig_training_curves.svg,.svg,43.6,2026-05-05T07:59Z,publication_pack,paper_ready_or_near,False,scripts/collect_paper_assets.py,unknown,,redraw_or_copy_into_figures_paper,False
paper_assets/svg/publication_publication_fig02_speckle_response.svg,.svg,4944.9,2026-05-12T07:49Z,publication_pack,paper_ready_or_near,False,scripts/collect_paper_assets.py,unknown,,redraw_or_copy_into_figures_paper,False
paper_assets/svg/publication_publication_fig02_speckle_response_pseudocolor.svg,.svg,10522.5,2026-05-12T07:49Z,publication_pack,paper_ready_or_near,False,scripts/collect_paper_assets.py,unknown,,redraw_or_copy_into_figures_paper,False
paper_assets/svg/publication_publication_fig03_length_optimization.svg,.svg,166.0,2026-05-12T07:49Z,publication_pack,paper_ready_or_near,False,scripts/collect_paper_assets.py,unknown,,redraw_or_copy_into_figures_paper,False
paper_assets/svg/publication_publication_fig04_cross_fiber_auth.svg,.svg,122.4,2026-05-12T07:49Z,publication_pack,paper_ready_or_near,False,scripts/collect_paper_assets.py,results/fiber_auth/auth_matrix.json; results/*/test_predictions.csv,,redraw_or_copy_into_figures_paper,False
paper_assets/svg/publication_publication_fig04_length_optimization.svg,.svg,166.0,2026-05-12T07:49Z,publication_pack,paper_ready_or_near,False,scripts/collect_paper_assets.py,unknown,,redraw_or_copy_into_figures_paper,False
paper_assets/svg/publication_publication_fig05_dual_channel_robustness.svg,.svg,99.8,2026-05-12T07:49Z,publication_pack,paper_ready_or_near,False,scripts/collect_paper_assets.py,unknown,,redraw_or_copy_into_figures_paper,False
paper_assets/svg/publication_supplementary_fig_s1_ncc_hd.svg,.svg,88.4,2026-05-12T07:52Z,publication_pack,paper_ready_or_near,False,scripts/collect_paper_assets.py,unknown,,redraw_or_copy_into_figures_paper,False
paper_assets/svg/publication_supplementary_fig_s2_reinstallation_robustness.svg,.svg,42.0,2026-05-12T07:52Z,publication_pack,paper_ready_or_near,False,scripts/collect_paper_assets.py,unknown,,redraw_or_copy_into_figures_paper,False
power_common_mode/Fiber1/P10/1.JPG,.jpg,99.0,2026-04-27T14:17Z,other,review_needed,False,,unknown,,review,False
power_common_mode/Fiber1/P10/2.JPG,.jpg,99.2,2026-04-27T14:17Z,other,review_needed,False,,unknown,,review,False
power_common_mode/Fiber1/P10/3.JPG,.jpg,98.9,2026-04-27T14:18Z,other,review_needed,False,,unknown,,review,False
power_common_mode/Fiber1/P10/4.JPG,.jpg,98.9,2026-04-27T14:18Z,other,review_needed,False,,unknown,,review,False
power_common_mode/Fiber1/P10/5.JPG,.jpg,98.9,2026-04-27T14:18Z,other,review_needed,False,,unknown,,review,False
power_common_mode/Fiber1/P110/1.JPG,.jpg,358.6,2026-04-27T14:33Z,other,review_needed,False,,unknown,,review,False
power_common_mode/Fiber1/P110/2.JPG,.jpg,358.4,2026-04-27T14:33Z,other,review_needed,False,,unknown,,review,False
power_common_mode/Fiber1/P110/3.JPG,.jpg,358.4,2026-04-27T14:34Z,other,review_needed,False,,unknown,,review,False
power_common_mode/Fiber1/P110/4.JPG,.jpg,358.1,2026-04-27T14:34Z,other,review_needed,False,,unknown,,review,False
power_common_mode/Fiber1/P110/5.JPG,.jpg,358.1,2026-04-27T14:34Z,other,review_needed,False,,unknown,,review,False
power_common_mode/Fiber1/P130/1.JPG,.jpg,380.5,2026-04-27T14:36Z,other,review_needed,False,,unknown,,review,False
power_common_mode/Fiber1/P130/2.JPG,.jpg,380.1,2026-04-27T14:36Z,other,review_needed,False,,unknown,,review,False
power_common_mode/Fiber1/P130/3.JPG,.jpg,380.3,2026-04-27T14:37Z,other,review_needed,False,,unknown,,review,False
power_common_mode/Fiber1/P130/4.JPG,.jpg,379.9,2026-04-27T14:37Z,other,review_needed,False,,unknown,,review,False
power_common_mode/Fiber1/P130/5.JPG,.jpg,380.0,2026-04-27T14:37Z,other,review_needed,False,,unknown,,review,False
power_common_mode/Fiber1/P150/1.JPG,.jpg,384.4,2026-04-27T14:38Z,other,review_needed,False,,unknown,,review,False
power_common_mode/Fiber1/P150/2.JPG,.jpg,384.4,2026-04-27T14:39Z,other,review_needed,False,,unknown,,review,False
power_common_mode/Fiber1/P150/3.JPG,.jpg,384.3,2026-04-27T14:39Z,other,review_needed,False,,unknown,,review,False
power_common_mode/Fiber1/P150/4.JPG,.jpg,384.3,2026-04-27T14:39Z,other,review_needed,False,,unknown,,review,False
power_common_mode/Fiber1/P150/5.JPG,.jpg,384.1,2026-04-27T14:40Z,other,review_needed,False,,unknown,,review,False
power_common_mode/Fiber1/P30/1.JPG,.jpg,190.6,2026-04-27T14:20Z,other,review_needed,False,,unknown,,review,False
power_common_mode/Fiber1/P30/2.JPG,.jpg,190.8,2026-04-27T14:21Z,other,review_needed,False,,unknown,,review,False
power_common_mode/Fiber1/P30/3.JPG,.jpg,190.6,2026-04-27T14:21Z,other,review_needed,False,,unknown,,review,False
power_common_mode/Fiber1/P30/4.JPG,.jpg,190.4,2026-04-27T14:21Z,other,review_needed,False,,unknown,,review,False
power_common_mode/Fiber1/P30/5.JPG,.jpg,190.5,2026-04-27T14:22Z,other,review_needed,False,,unknown,,review,False
power_common_mode/Fiber1/P50/1.JPG,.jpg,257.1,2026-04-27T14:24Z,other,review_needed,False,,unknown,,review,False
power_common_mode/Fiber1/P50/2.JPG,.jpg,257.7,2026-04-27T14:24Z,other,review_needed,False,,unknown,,review,False
power_common_mode/Fiber1/P50/3.JPG,.jpg,257.7,2026-04-27T14:25Z,other,review_needed,False,,unknown,,review,False
power_common_mode/Fiber1/P50/4.JPG,.jpg,257.5,2026-04-27T14:25Z,other,review_needed,False,,unknown,,review,False
power_common_mode/Fiber1/P50/5.JPG,.jpg,257.5,2026-04-27T14:25Z,other,review_needed,False,,unknown,,review,False
power_common_mode/Fiber1/P70/1.JPG,.jpg,303.6,2026-04-27T14:27Z,other,review_needed,False,,unknown,,review,False
power_common_mode/Fiber1/P70/2.JPG,.jpg,303.5,2026-04-27T14:27Z,other,review_needed,False,,unknown,,review,False
power_common_mode/Fiber1/P70/3.JPG,.jpg,303.6,2026-04-27T14:28Z,other,review_needed,False,,unknown,,review,False
power_common_mode/Fiber1/P70/4.JPG,.jpg,303.6,2026-04-27T14:28Z,other,review_needed,False,,unknown,,review,False
power_common_mode/Fiber1/P70/5.JPG,.jpg,303.9,2026-04-27T14:28Z,other,review_needed,False,,unknown,,review,False
power_common_mode/Fiber1/P90/1.JPG,.jpg,336.2,2026-04-27T14:30Z,other,review_needed,False,,unknown,,review,False
power_common_mode/Fiber1/P90/2.JPG,.jpg,336.5,2026-04-27T14:30Z,other,review_needed,False,,unknown,,review,False
power_common_mode/Fiber1/P90/3.JPG,.jpg,336.5,2026-04-27T14:30Z,other,review_needed,False,,unknown,,review,False
power_common_mode/Fiber1/P90/4.JPG,.jpg,336.6,2026-04-27T14:31Z,other,review_needed,False,,unknown,,review,False
power_common_mode/Fiber1/P90/5.JPG,.jpg,336.5,2026-04-27T14:31Z,other,review_needed,False,,unknown,,review,False
power_common_mode/Fiber10/P10/1.JPG,.jpg,58.1,2026-04-28T03:32Z,other,review_needed,False,,unknown,,review,False
power_common_mode/Fiber10/P10/2.JPG,.jpg,58.7,2026-04-28T03:32Z,other,review_needed,False,,unknown,,review,False
power_common_mode/Fiber10/P10/3.JPG,.jpg,58.4,2026-04-28T03:33Z,other,review_needed,False,,unknown,,review,False
power_common_mode/Fiber10/P10/4.JPG,.jpg,58.3,2026-04-28T03:33Z,other,review_needed,False,,unknown,,review,False
power_common_mode/Fiber10/P10/5.JPG,.jpg,58.3,2026-04-28T03:33Z,other,review_needed,False,,unknown,,review,False
power_common_mode/Fiber10/P110/1.JPG,.jpg,245.3,2026-04-28T03:41Z,other,review_needed,False,,unknown,,review,False
power_common_mode/Fiber10/P110/2.JPG,.jpg,245.8,2026-04-28T03:41Z,other,review_needed,False,,unknown,,review,False
power_common_mode/Fiber10/P110/3.JPG,.jpg,245.7,2026-04-28T03:41Z,other,review_needed,False,,unknown,,review,False
power_common_mode/Fiber10/P110/4.JPG,.jpg,245.6,2026-04-28T03:41Z,other,review_needed,False,,unknown,,review,False
power_common_mode/Fiber10/P110/5.JPG,.jpg,245.7,2026-04-28T03:42Z,other,review_needed,False,,unknown,,review,False
power_common_mode/Fiber10/P130/1.JPG,.jpg,280.6,2026-04-28T03:43Z,other,review_needed,False,,unknown,,review,False
power_common_mode/Fiber10/P130/2.JPG,.jpg,280.5,2026-04-28T03:43Z,other,review_needed,False,,unknown,,review,False
power_common_mode/Fiber10/P130/3.JPG,.jpg,280.5,2026-04-28T03:43Z,other,review_needed,False,,unknown,,review,False
power_common_mode/Fiber10/P130/4.JPG,.jpg,280.5,2026-04-28T03:43Z,other,review_needed,False,,unknown,,review,False
power_common_mode/Fiber10/P130/5.JPG,.jpg,280.7,2026-04-28T03:43Z,other,review_needed,False,,unknown,,review,False
power_common_mode/Fiber10/P150/1.JPG,.jpg,306.8,2026-04-28T03:44Z,other,review_needed,False,,unknown,,review,False
power_common_mode/Fiber10/P150/2.JPG,.jpg,306.8,2026-04-28T03:44Z,other,review_needed,False,,unknown,,review,False
power_common_mode/Fiber10/P150/3.JPG,.jpg,307.0,2026-04-28T03:44Z,other,review_needed,False,,unknown,,review,False
power_common_mode/Fiber10/P150/4.JPG,.jpg,307.0,2026-04-28T03:44Z,other,review_needed,False,,unknown,,review,False
power_common_mode/Fiber10/P150/5.JPG,.jpg,307.0,2026-04-28T03:45Z,other,review_needed,False,,unknown,,review,False
power_common_mode/Fiber10/P30/1.JPG,.jpg,110.3,2026-04-28T03:34Z,other,review_needed,False,,unknown,,review,False
power_common_mode/Fiber10/P30/2.JPG,.jpg,108.6,2026-04-28T03:34Z,other,review_needed,False,,unknown,,review,False
power_common_mode/Fiber10/P30/3.JPG,.jpg,110.0,2026-04-28T03:34Z,other,review_needed,False,,unknown,,review,False
power_common_mode/Fiber10/P30/4.JPG,.jpg,109.7,2026-04-28T03:35Z,other,review_needed,False,,unknown,,review,False
power_common_mode/Fiber10/P30/5.JPG,.jpg,109.7,2026-04-28T03:35Z,other,review_needed,False,,unknown,,review,False
power_common_mode/Fiber10/P50/1.JPG,.jpg,148.7,2026-04-28T03:36Z,other,review_needed,False,,unknown,,review,False
power_common_mode/Fiber10/P50/2.JPG,.jpg,149.1,2026-04-28T03:36Z,other,review_needed,False,,unknown,,review,False
power_common_mode/Fiber10/P50/3.JPG,.jpg,149.1,2026-04-28T03:36Z,other,review_needed,False,,unknown,,review,False
power_common_mode/Fiber10/P50/4.JPG,.jpg,149.5,2026-04-28T03:36Z,other,review_needed,False,,unknown,,review,False
power_common_mode/Fiber10/P50/5.JPG,.jpg,149.4,2026-04-28T03:37Z,other,review_needed,False,,unknown,,review,False
power_common_mode/Fiber10/P70/1.JPG,.jpg,183.4,2026-04-28T03:37Z,other,review_needed,False,,unknown,,review,False
power_common_mode/Fiber10/P70/2.JPG,.jpg,183.4,2026-04-28T03:37Z,other,review_needed,False,,unknown,,review,False
power_common_mode/Fiber10/P70/3.JPG,.jpg,183.1,2026-04-28T03:38Z,other,review_needed,False,,unknown,,review,False
power_common_mode/Fiber10/P70/4.JPG,.jpg,183.3,2026-04-28T03:38Z,other,review_needed,False,,unknown,,review,False
power_common_mode/Fiber10/P70/5.JPG,.jpg,183.0,2026-04-28T03:38Z,other,review_needed,False,,unknown,,review,False
power_common_mode/Fiber10/P90/1.JPG,.jpg,216.5,2026-04-28T03:39Z,other,review_needed,False,,unknown,,review,False
power_common_mode/Fiber10/P90/2.JPG,.jpg,217.0,2026-04-28T03:39Z,other,review_needed,False,,unknown,,review,False
power_common_mode/Fiber10/P90/3.JPG,.jpg,216.9,2026-04-28T03:39Z,other,review_needed,False,,unknown,,review,False
power_common_mode/Fiber10/P90/4.JPG,.jpg,216.4,2026-04-28T03:40Z,other,review_needed,False,,unknown,,review,False
power_common_mode/Fiber10/P90/5.JPG,.jpg,216.2,2026-04-28T03:40Z,other,review_needed,False,,unknown,,review,False
power_common_mode/Fiber11/P10/1.JPG,.jpg,50.6,2026-04-28T03:49Z,other,review_needed,False,,unknown,,review,False
power_common_mode/Fiber11/P10/2.JPG,.jpg,50.7,2026-04-28T03:49Z,other,review_needed,False,,unknown,,review,False
power_common_mode/Fiber11/P10/3.JPG,.jpg,50.6,2026-04-28T03:50Z,other,review_needed,False,,unknown,,review,False
power_common_mode/Fiber11/P10/4.JPG,.jpg,50.5,2026-04-28T03:50Z,other,review_needed,False,,unknown,,review,False
power_common_mode/Fiber11/P10/5.JPG,.jpg,50.6,2026-04-28T03:50Z,other,review_needed,False,,unknown,,review,False
power_common_mode/Fiber11/P110/1.JPG,.jpg,211.8,2026-04-28T03:56Z,other,review_needed,False,,unknown,,review,False
power_common_mode/Fiber11/P110/2.JPG,.jpg,212.0,2026-04-28T03:56Z,other,review_needed,False,,unknown,,review,False
power_common_mode/Fiber11/P110/3.JPG,.jpg,212.1,2026-04-28T03:56Z,other,review_needed,False,,unknown,,review,False
power_common_mode/Fiber11/P110/4.JPG,.jpg,211.8,2026-04-28T03:56Z,other,review_needed,False,,unknown,,review,False
power_common_mode/Fiber11/P110/5.JPG,.jpg,212.1,2026-04-28T03:57Z,other,review_needed,False,,unknown,,review,False
power_common_mode/Fiber11/P130/1.JPG,.jpg,452.2,2026-04-28T03:58Z,other,review_needed,False,,unknown,,review,False
power_common_mode/Fiber11/P130/2.JPG,.jpg,454.6,2026-04-28T03:58Z,other,review_needed,False,,unknown,,review,False
power_common_mode/Fiber11/P130/3.JPG,.jpg,458.3,2026-04-28T03:58Z,other,review_needed,False,,unknown,,review,False
power_common_mode/Fiber11/P130/4.JPG,.jpg,462.6,2026-04-28T03:58Z,other,review_needed,False,,unknown,,review,False
power_common_mode/Fiber11/P130/5.JPG,.jpg,465.7,2026-04-28T03:58Z,other,review_needed,False,,unknown,,review,False
power_common_mode/Fiber11/P150/1.JPG,.jpg,491.4,2026-04-28T03:59Z,other,review_needed,False,,unknown,,review,False
power_common_mode/Fiber11/P150/2.JPG,.jpg,490.8,2026-04-28T03:59Z,other,review_needed,False,,unknown,,review,False
power_common_mode/Fiber11/P150/3.JPG,.jpg,483.2,2026-04-28T03:59Z,other,review_needed,False,,unknown,,review,False
power_common_mode/Fiber11/P150/4.JPG,.jpg,478.3,2026-04-28T04:00Z,other,review_needed,False,,unknown,,review,False
power_common_mode/Fiber11/P150/5.JPG,.jpg,479.9,2026-04-28T04:00Z,other,review_needed,False,,unknown,,review,False
power_common_mode/Fiber11/P30/1.JPG,.jpg,93.0,2026-04-28T03:51Z,other,review_needed,False,,unknown,,review,False
power_common_mode/Fiber11/P30/2.JPG,.jpg,92.3,2026-04-28T03:51Z,other,review_needed,False,,unknown,,review,False
power_common_mode/Fiber11/P30/3.JPG,.jpg,92.0,2026-04-28T03:51Z,other,review_needed,False,,unknown,,review,False
power_common_mode/Fiber11/P30/4.JPG,.jpg,91.8,2026-04-28T03:51Z,other,review_needed,False,,unknown,,review,False
power_common_mode/Fiber11/P30/5.JPG,.jpg,91.7,2026-04-28T03:51Z,other,review_needed,False,,unknown,,review,False
power_common_mode/Fiber11/P70/1.JPG,.jpg,119.8,2026-04-28T03:52Z,other,review_needed,False,,unknown,,review,False
power_common_mode/Fiber11/P70/10.JPG,.jpg,141.9,2026-04-28T03:54Z,other,review_needed,False,,unknown,,review,False
power_common_mode/Fiber11/P70/2.JPG,.jpg,120.1,2026-04-28T03:52Z,other,review_needed,False,,unknown,,review,False
power_common_mode/Fiber11/P70/3.JPG,.jpg,120.0,2026-04-28T03:52Z,other,review_needed,False,,unknown,,review,False
power_common_mode/Fiber11/P70/4.JPG,.jpg,119.9,2026-04-28T03:53Z,other,review_needed,False,,unknown,,review,False
power_common_mode/Fiber11/P70/5.JPG,.jpg,120.0,2026-04-28T03:53Z,other,review_needed,False,,unknown,,review,False
power_common_mode/Fiber11/P70/6.JPG,.jpg,141.6,2026-04-28T03:53Z,other,review_needed,False,,unknown,,review,False
power_common_mode/Fiber11/P70/7.JPG,.jpg,142.0,2026-04-28T03:54Z,other,review_needed,False,,unknown,,review,False
power_common_mode/Fiber11/P70/8.JPG,.jpg,142.1,2026-04-28T03:54Z,other,review_needed,False,,unknown,,review,False
power_common_mode/Fiber11/P70/9.JPG,.jpg,142.2,2026-04-28T03:54Z,other,review_needed,False,,unknown,,review,False
power_common_mode/Fiber11/P90/1.JPG,.jpg,172.0,2026-04-28T03:55Z,other,review_needed,False,,unknown,,review,False
power_common_mode/Fiber11/P90/2.JPG,.jpg,172.1,2026-04-28T03:55Z,other,review_needed,False,,unknown,,review,False
power_common_mode/Fiber11/P90/3.JPG,.jpg,172.1,2026-04-28T03:55Z,other,review_needed,False,,unknown,,review,False
power_common_mode/Fiber11/P90/4.JPG,.jpg,172.1,2026-04-28T03:55Z,other,review_needed,False,,unknown,,review,False
power_common_mode/Fiber11/P90/5.JPG,.jpg,172.1,2026-04-28T03:55Z,other,review_needed,False,,unknown,,review,False
power_common_mode/Fiber12/P10/1.JPG,.jpg,91.6,2026-04-28T04:03Z,other,review_needed,False,,unknown,,review,False
power_common_mode/Fiber12/P10/2.JPG,.jpg,90.6,2026-04-28T04:03Z,other,review_needed,False,,unknown,,review,False
power_common_mode/Fiber12/P10/3.JPG,.jpg,90.8,2026-04-28T04:04Z,other,review_needed,False,,unknown,,review,False
power_common_mode/Fiber12/P10/4.JPG,.jpg,90.3,2026-04-28T04:04Z,other,review_needed,False,,unknown,,review,False
power_common_mode/Fiber12/P10/5.JPG,.jpg,86.4,2026-04-28T04:04Z,other,review_needed,False,,unknown,,review,False
power_common_mode/Fiber12/P110/1.JPG,.jpg,323.0,2026-04-28T04:09Z,other,review_needed,False,,unknown,,review,False
power_common_mode/Fiber12/P110/2.JPG,.jpg,322.8,2026-04-28T04:09Z,other,review_needed,False,,unknown,,review,False
power_common_mode/Fiber12/P110/3.JPG,.jpg,323.2,2026-04-28T04:10Z,other,review_needed,False,,unknown,,review,False
power_common_mode/Fiber12/P110/4.JPG,.jpg,323.5,2026-04-28T04:10Z,other,review_needed,False,,unknown,,review,False
power_common_mode/Fiber12/P110/5.JPG,.jpg,323.9,2026-04-28T04:10Z,other,review_needed,False,,unknown,,review,False
power_common_mode/Fiber12/P130/1.JPG,.jpg,341.0,2026-04-28T04:10Z,other,review_needed,False,,unknown,,review,False
power_common_mode/Fiber12/P130/2.JPG,.jpg,340.4,2026-04-28T04:11Z,other,review_needed,False,,unknown,,review,False
power_common_mode/Fiber12/P130/3.JPG,.jpg,340.5,2026-04-28T04:11Z,other,review_needed,False,,unknown,,review,False
power_common_mode/Fiber12/P130/4.JPG,.jpg,340.5,2026-04-28T04:11Z,other,review_needed,False,,unknown,,review,False
power_common_mode/Fiber12/P130/5.JPG,.jpg,340.7,2026-04-28T04:11Z,other,review_needed,False,,unknown,,review,False
power_common_mode/Fiber12/P150/1.JPG,.jpg,372.4,2026-04-28T04:12Z,other,review_needed,False,,unknown,,review,False
power_common_mode/Fiber12/P150/2.JPG,.jpg,372.0,2026-04-28T04:12Z,other,review_needed,False,,unknown,,review,False
power_common_mode/Fiber12/P150/3.JPG,.jpg,371.8,2026-04-28T04:12Z,other,review_needed,False,,unknown,,review,False
power_common_mode/Fiber12/P150/4.JPG,.jpg,371.9,2026-04-28T04:12Z,other,review_needed,False,,unknown,,review,False
power_common_mode/Fiber12/P150/5.JPG,.jpg,372.2,2026-04-28T04:12Z,other,review_needed,False,,unknown,,review,False
power_common_mode/Fiber12/P30/1.JPG,.jpg,176.3,2026-04-28T04:04Z,other,review_needed,False,,unknown,,review,False
power_common_mode/Fiber12/P30/2.JPG,.jpg,175.9,2026-04-28T04:05Z,other,review_needed,False,,unknown,,review,False
power_common_mode/Fiber12/P30/3.JPG,.jpg,175.8,2026-04-28T04:05Z,other,review_needed,False,,unknown,,review,False
power_common_mode/Fiber12/P30/4.JPG,.jpg,175.4,2026-04-28T04:05Z,other,review_needed,False,,unknown,,review,False
power_common_mode/Fiber12/P30/5.JPG,.jpg,174.2,2026-04-28T04:05Z,other,review_needed,False,,unknown,,review,False
power_common_mode/Fiber12/P50/1.JPG,.jpg,237.6,2026-04-28T04:06Z,other,review_needed,False,,unknown,,review,False
power_common_mode/Fiber12/P50/2.JPG,.jpg,237.3,2026-04-28T04:06Z,other,review_needed,False,,unknown,,review,False
power_common_mode/Fiber12/P50/3.JPG,.jpg,236.5,2026-04-28T04:06Z,other,review_needed,False,,unknown,,review,False
power_common_mode/Fiber12/P50/4.JPG,.jpg,236.9,2026-04-28T04:06Z,other,review_needed,False,,unknown,,review,False
power_common_mode/Fiber12/P50/5.JPG,.jpg,236.4,2026-04-28T04:06Z,other,review_needed,False,,unknown,,review,False
power_common_mode/Fiber12/P70/1.JPG,.jpg,279.3,2026-04-28T04:07Z,other,review_needed,False,,unknown,,review,False
power_common_mode/Fiber12/P70/2.JPG,.jpg,279.5,2026-04-28T04:07Z,other,review_needed,False,,unknown,,review,False
power_common_mode/Fiber12/P70/3.JPG,.jpg,279.2,2026-04-28T04:07Z,other,review_needed,False,,unknown,,review,False
power_common_mode/Fiber12/P70/4.JPG,.jpg,279.5,2026-04-28T04:07Z,other,review_needed,False,,unknown,,review,False
power_common_mode/Fiber12/P70/5.JPG,.jpg,278.9,2026-04-28T04:07Z,other,review_needed,False,,unknown,,review,False
power_common_mode/Fiber12/P90/1.JPG,.jpg,309.1,2026-04-28T04:08Z,other,review_needed,False,,unknown,,review,False
power_common_mode/Fiber12/P90/2.JPG,.jpg,308.2,2026-04-28T04:08Z,other,review_needed,False,,unknown,,review,False
power_common_mode/Fiber12/P90/3.JPG,.jpg,309.2,2026-04-28T04:08Z,other,review_needed,False,,unknown,,review,False
power_common_mode/Fiber12/P90/4.JPG,.jpg,308.4,2026-04-28T04:08Z,other,review_needed,False,,unknown,,review,False
power_common_mode/Fiber12/P90/5.JPG,.jpg,308.2,2026-04-28T04:09Z,other,review_needed,False,,unknown,,review,False
power_common_mode/Fiber13/P10/1.JPG,.jpg,64.8,2026-04-28T04:17Z,other,review_needed,False,,unknown,,review,False
power_common_mode/Fiber13/P10/2.JPG,.jpg,65.2,2026-04-28T04:17Z,other,review_needed,False,,unknown,,review,False
power_common_mode/Fiber13/P10/3.JPG,.jpg,65.2,2026-04-28T04:17Z,other,review_needed,False,,unknown,,review,False
power_common_mode/Fiber13/P10/4.JPG,.jpg,65.0,2026-04-28T04:17Z,other,review_needed,False,,unknown,,review,False
power_common_mode/Fiber13/P10/5.JPG,.jpg,64.6,2026-04-28T04:17Z,other,review_needed,False,,unknown,,review,False
power_common_mode/Fiber13/P110/1.JPG,.jpg,274.5,2026-04-28T04:23Z,other,review_needed,False,,unknown,,review,False
power_common_mode/Fiber13/P110/2.JPG,.jpg,274.5,2026-04-28T04:23Z,other,review_needed,False,,unknown,,review,False
power_common_mode/Fiber13/P110/3.JPG,.jpg,274.2,2026-04-28T04:24Z,other,review_needed,False,,unknown,,review,False
power_common_mode/Fiber13/P110/4.JPG,.jpg,274.6,2026-04-28T04:24Z,other,review_needed,False,,unknown,,review,False
power_common_mode/Fiber13/P110/5.JPG,.jpg,274.3,2026-04-28T04:24Z,other,review_needed,False,,unknown,,review,False
power_common_mode/Fiber13/P130/1.JPG,.jpg,314.9,2026-04-28T04:24Z,other,review_needed,False,,unknown,,review,False
power_common_mode/Fiber13/P130/2.JPG,.jpg,314.8,2026-04-28T04:25Z,other,review_needed,False,,unknown,,review,False
power_common_mode/Fiber13/P130/3.JPG,.jpg,315.5,2026-04-28T04:25Z,other,review_needed,False,,unknown,,review,False
power_common_mode/Fiber13/P130/4.JPG,.jpg,315.3,2026-04-28T04:25Z,other,review_needed,False,,unknown,,review,False
power_common_mode/Fiber13/P130/5.JPG,.jpg,315.2,2026-04-28T04:25Z,other,review_needed,False,,unknown,,review,False
power_common_mode/Fiber13/P150/1.JPG,.jpg,355.0,2026-04-28T04:26Z,other,review_needed,False,,unknown,,review,False
power_common_mode/Fiber13/P150/2.JPG,.jpg,354.6,2026-04-28T04:26Z,other,review_needed,False,,unknown,,review,False
power_common_mode/Fiber13/P150/3.JPG,.jpg,354.5,2026-04-28T04:26Z,other,review_needed,False,,unknown,,review,False
power_common_mode/Fiber13/P150/4.JPG,.jpg,354.9,2026-04-28T04:26Z,other,review_needed,False,,unknown,,review,False
power_common_mode/Fiber13/P150/5.JPG,.jpg,354.7,2026-04-28T04:26Z,other,review_needed,False,,unknown,,review,False
power_common_mode/Fiber13/P30/1.JPG,.jpg,124.9,2026-04-28T04:18Z,other,review_needed,False,,unknown,,review,False
power_common_mode/Fiber13/P30/2.JPG,.jpg,124.6,2026-04-28T04:18Z,other,review_needed,False,,unknown,,review,False
power_common_mode/Fiber13/P30/3.JPG,.jpg,123.7,2026-04-28T04:18Z,other,review_needed,False,,unknown,,review,False
power_common_mode/Fiber13/P30/4.JPG,.jpg,123.8,2026-04-28T04:18Z,other,review_needed,False,,unknown,,review,False
power_common_mode/Fiber13/P30/5.JPG,.jpg,124.0,2026-04-28T04:19Z,other,review_needed,False,,unknown,,review,False
power_common_mode/Fiber13/P50/1.JPG,.jpg,169.6,2026-04-28T04:20Z,other,review_needed,False,,unknown,,review,False
power_common_mode/Fiber13/P50/2.JPG,.jpg,169.9,2026-04-28T04:20Z,other,review_needed,False,,unknown,,review,False
power_common_mode/Fiber13/P50/3.JPG,.jpg,169.9,2026-04-28T04:20Z,other,review_needed,False,,unknown,,review,False
power_common_mode/Fiber13/P50/4.JPG,.jpg,170.4,2026-04-28T04:20Z,other,review_needed,False,,unknown,,review,False
power_common_mode/Fiber13/P50/5.JPG,.jpg,170.0,2026-04-28T04:20Z,other,review_needed,False,,unknown,,review,False
power_common_mode/Fiber13/P70/1.JPG,.jpg,201.6,2026-04-28T04:21Z,other,review_needed,False,,unknown,,review,False
power_common_mode/Fiber13/P70/2.JPG,.jpg,201.5,2026-04-28T04:21Z,other,review_needed,False,,unknown,,review,False
power_common_mode/Fiber13/P70/3.JPG,.jpg,201.3,2026-04-28T04:21Z,other,review_needed,False,,unknown,,review,False
power_common_mode/Fiber13/P70/4.JPG,.jpg,201.6,2026-04-28T04:21Z,other,review_needed,False,,unknown,,review,False
power_common_mode/Fiber13/P70/5.JPG,.jpg,201.9,2026-04-28T04:21Z,other,review_needed,False,,unknown,,review,False
power_common_mode/Fiber13/P90/1.JPG,.jpg,238.5,2026-04-28T04:22Z,other,review_needed,False,,unknown,,review,False
power_common_mode/Fiber13/P90/2.JPG,.jpg,238.9,2026-04-28T04:22Z,other,review_needed,False,,unknown,,review,False
power_common_mode/Fiber13/P90/3.JPG,.jpg,238.9,2026-04-28T04:22Z,other,review_needed,False,,unknown,,review,False
power_common_mode/Fiber13/P90/4.JPG,.jpg,238.8,2026-04-28T04:22Z,other,review_needed,False,,unknown,,review,False
power_common_mode/Fiber13/P90/5.JPG,.jpg,237.6,2026-04-28T04:23Z,other,review_needed,False,,unknown,,review,False
power_common_mode/Fiber14/P10/1.JPG,.jpg,71.2,2026-04-28T04:30Z,other,review_needed,False,,unknown,,review,False
power_common_mode/Fiber14/P10/2.JPG,.jpg,73.4,2026-04-28T04:30Z,other,review_needed,False,,unknown,,review,False
power_common_mode/Fiber14/P10/3.JPG,.jpg,73.3,2026-04-28T04:30Z,other,review_needed,False,,unknown,,review,False
power_common_mode/Fiber14/P10/4.JPG,.jpg,73.3,2026-04-28T04:30Z,other,review_needed,False,,unknown,,review,False
power_common_mode/Fiber14/P10/5.JPG,.jpg,73.0,2026-04-28T04:31Z,other,review_needed,False,,unknown,,review,False
power_common_mode/Fiber14/P110/1.JPG,.jpg,299.8,2026-04-28T04:38Z,other,review_needed,False,,unknown,,review,False
power_common_mode/Fiber14/P110/2.JPG,.jpg,300.7,2026-04-28T04:39Z,other,review_needed,False,,unknown,,review,False
power_common_mode/Fiber14/P110/3.JPG,.jpg,300.3,2026-04-28T04:39Z,other,review_needed,False,,unknown,,review,False
power_common_mode/Fiber14/P110/4.JPG,.jpg,300.2,2026-04-28T04:39Z,other,review_needed,False,,unknown,,review,False
power_common_mode/Fiber14/P110/5.JPG,.jpg,299.9,2026-04-28T04:39Z,other,review_needed,False,,unknown,,review,False
power_common_mode/Fiber14/P130/1.JPG,.jpg,343.7,2026-04-28T04:40Z,other,review_needed,False,,unknown,,review,False
power_common_mode/Fiber14/P130/2.JPG,.jpg,343.8,2026-04-28T04:40Z,other,review_needed,False,,unknown,,review,False
power_common_mode/Fiber14/P130/3.JPG,.jpg,343.5,2026-04-28T04:40Z,other,review_needed,False,,unknown,,review,False
power_common_mode/Fiber14/P130/4.JPG,.jpg,344.4,2026-04-28T04:40Z,other,review_needed,False,,unknown,,review,False
power_common_mode/Fiber14/P130/5.JPG,.jpg,344.7,2026-04-28T04:40Z,other,review_needed,False,,unknown,,review,False
power_common_mode/Fiber14/P150/1.JPG,.jpg,384.1,2026-04-28T04:41Z,other,review_needed,False,,unknown,,review,False
power_common_mode/Fiber14/P150/2.JPG,.jpg,384.0,2026-04-28T04:41Z,other,review_needed,False,,unknown,,review,False
power_common_mode/Fiber14/P150/3.JPG,.jpg,384.0,2026-04-28T04:41Z,other,review_needed,False,,unknown,,review,False
power_common_mode/Fiber14/P150/4.JPG,.jpg,383.3,2026-04-28T04:41Z,other,review_needed,False,,unknown,,review,False
power_common_mode/Fiber14/P150/5.JPG,.jpg,384.1,2026-04-28T04:42Z,other,review_needed,False,,unknown,,review,False
power_common_mode/Fiber14/P30/1.JPG,.jpg,145.5,2026-04-28T04:34Z,other,review_needed,False,,unknown,,review,False
power_common_mode/Fiber14/P30/2.JPG,.jpg,145.5,2026-04-28T04:34Z,other,review_needed,False,,unknown,,review,False
power_common_mode/Fiber14/P30/3.JPG,.jpg,145.3,2026-04-28T04:34Z,other,review_needed,False,,unknown,,review,False
power_common_mode/Fiber14/P30/4.JPG,.jpg,145.3,2026-04-28T04:34Z,other,review_needed,False,,unknown,,review,False
power_common_mode/Fiber14/P30/5.JPG,.jpg,145.2,2026-04-28T04:34Z,other,review_needed,False,,unknown,,review,False
power_common_mode/Fiber14/P50/1.JPG,.jpg,137.6,2026-04-28T04:35Z,other,review_needed,False,,unknown,,review,False
power_common_mode/Fiber14/P50/2.JPG,.jpg,138.1,2026-04-28T04:35Z,other,review_needed,False,,unknown,,review,False
power_common_mode/Fiber14/P50/3.JPG,.jpg,138.2,2026-04-28T04:35Z,other,review_needed,False,,unknown,,review,False
power_common_mode/Fiber14/P50/4.JPG,.jpg,137.3,2026-04-28T04:35Z,other,review_needed,False,,unknown,,review,False
power_common_mode/Fiber14/P50/5.JPG,.jpg,138.9,2026-04-28T04:36Z,other,review_needed,False,,unknown,,review,False
power_common_mode/Fiber14/P70/1.JPG,.jpg,231.9,2026-04-28T04:36Z,other,review_needed,False,,unknown,,review,False
power_common_mode/Fiber14/P70/2.JPG,.jpg,231.8,2026-04-28T04:36Z,other,review_needed,False,,unknown,,review,False
power_common_mode/Fiber14/P70/3.JPG,.jpg,231.4,2026-04-28T04:36Z,other,review_needed,False,,unknown,,review,False
power_common_mode/Fiber14/P70/4.JPG,.jpg,231.1,2026-04-28T04:37Z,other,review_needed,False,,unknown,,review,False
power_common_mode/Fiber14/P70/5.JPG,.jpg,231.3,2026-04-28T04:37Z,other,review_needed,False,,unknown,,review,False
power_common_mode/Fiber14/P90/1.JPG,.jpg,267.2,2026-04-28T04:37Z,other,review_needed,False,,unknown,,review,False
power_common_mode/Fiber14/P90/2.JPG,.jpg,267.4,2026-04-28T04:37Z,other,review_needed,False,,unknown,,review,False
power_common_mode/Fiber14/P90/3.JPG,.jpg,267.8,2026-04-28T04:38Z,other,review_needed,False,,unknown,,review,False
power_common_mode/Fiber14/P90/4.JPG,.jpg,267.4,2026-04-28T04:38Z,other,review_needed,False,,unknown,,review,False
power_common_mode/Fiber14/P90/5.JPG,.jpg,267.7,2026-04-28T04:38Z,other,review_needed,False,,unknown,,review,False
power_common_mode/Fiber15/P10/1.JPG,.jpg,90.9,2026-04-28T04:44Z,other,review_needed,False,,unknown,,review,False
power_common_mode/Fiber15/P10/2.JPG,.jpg,91.0,2026-04-28T04:44Z,other,review_needed,False,,unknown,,review,False
power_common_mode/Fiber15/P10/3.JPG,.jpg,90.3,2026-04-28T04:45Z,other,review_needed,False,,unknown,,review,False
power_common_mode/Fiber15/P10/4.JPG,.jpg,90.7,2026-04-28T04:45Z,other,review_needed,False,,unknown,,review,False
power_common_mode/Fiber15/P10/5.JPG,.jpg,90.8,2026-04-28T04:45Z,other,review_needed,False,,unknown,,review,False
power_common_mode/Fiber15/P110/1.JPG,.jpg,403.9,2026-04-28T04:50Z,other,review_needed,False,,unknown,,review,False
power_common_mode/Fiber15/P110/2.JPG,.jpg,404.3,2026-04-28T04:51Z,other,review_needed,False,,unknown,,review,False
power_common_mode/Fiber15/P110/3.JPG,.jpg,404.7,2026-04-28T04:51Z,other,review_needed,False,,unknown,,review,False
power_common_mode/Fiber15/P110/4.JPG,.jpg,404.4,2026-04-28T04:51Z,other,review_needed,False,,unknown,,review,False
power_common_mode/Fiber15/P110/5.JPG,.jpg,404.5,2026-04-28T04:51Z,other,review_needed,False,,unknown,,review,False
power_common_mode/Fiber15/P130/1.JPG,.jpg,438.9,2026-04-28T04:52Z,other,review_needed,False,,unknown,,review,False
power_common_mode/Fiber15/P130/2.JPG,.jpg,438.6,2026-04-28T04:52Z,other,review_needed,False,,unknown,,review,False
power_common_mode/Fiber15/P130/3.JPG,.jpg,437.9,2026-04-28T04:52Z,other,review_needed,False,,unknown,,review,False
power_common_mode/Fiber15/P130/4.JPG,.jpg,438.7,2026-04-28T04:52Z,other,review_needed,False,,unknown,,review,False
power_common_mode/Fiber15/P130/5.JPG,.jpg,435.7,2026-04-28T04:53Z,other,review_needed,False,,unknown,,review,False
power_common_mode/Fiber15/P150/1.JPG,.jpg,464.5,2026-04-28T04:53Z,other,review_needed,False,,unknown,,review,False
power_common_mode/Fiber15/P150/2.JPG,.jpg,463.8,2026-04-28T04:53Z,other,review_needed,False,,unknown,,review,False
power_common_mode/Fiber15/P150/3.JPG,.jpg,463.0,2026-04-28T04:53Z,other,review_needed,False,,unknown,,review,False
power_common_mode/Fiber15/P150/4.JPG,.jpg,462.7,2026-04-28T04:54Z,other,review_needed,False,,unknown,,review,False
power_common_mode/Fiber15/P150/5.JPG,.jpg,462.9,2026-04-28T04:54Z,other,review_needed,False,,unknown,,review,False
power_common_mode/Fiber15/P30/1.JPG,.jpg,188.8,2026-04-28T04:45Z,other,review_needed,False,,unknown,,review,False
power_common_mode/Fiber15/P30/2.JPG,.jpg,189.7,2026-04-28T04:46Z,other,review_needed,False,,unknown,,review,False
power_common_mode/Fiber15/P30/3.JPG,.jpg,189.0,2026-04-28T04:46Z,other,review_needed,False,,unknown,,review,False
power_common_mode/Fiber15/P30/4.JPG,.jpg,188.9,2026-04-28T04:46Z,other,review_needed,False,,unknown,,review,False
power_common_mode/Fiber15/P30/5.JPG,.jpg,189.1,2026-04-28T04:46Z,other,review_needed,False,,unknown,,review,False
power_common_mode/Fiber15/P50/1.JPG,.jpg,259.8,2026-04-28T04:47Z,other,review_needed,False,,unknown,,review,False
power_common_mode/Fiber15/P50/2.JPG,.jpg,260.3,2026-04-28T04:47Z,other,review_needed,False,,unknown,,review,False
power_common_mode/Fiber15/P50/3.JPG,.jpg,260.4,2026-04-28T04:47Z,other,review_needed,False,,unknown,,review,False
power_common_mode/Fiber15/P50/4.JPG,.jpg,260.4,2026-04-28T04:47Z,other,review_needed,False,,unknown,,review,False
power_common_mode/Fiber15/P50/5.JPG,.jpg,261.6,2026-04-28T04:47Z,other,review_needed,False,,unknown,,review,False
power_common_mode/Fiber15/P70/1.JPG,.jpg,315.2,2026-04-28T04:48Z,other,review_needed,False,,unknown,,review,False
power_common_mode/Fiber15/P70/2.JPG,.jpg,314.8,2026-04-28T04:48Z,other,review_needed,False,,unknown,,review,False
power_common_mode/Fiber15/P70/3.JPG,.jpg,314.9,2026-04-28T04:48Z,other,review_needed,False,,unknown,,review,False
power_common_mode/Fiber15/P70/4.JPG,.jpg,314.8,2026-04-28T04:48Z,other,review_needed,False,,unknown,,review,False
power_common_mode/Fiber15/P70/5.JPG,.jpg,315.3,2026-04-28T04:49Z,other,review_needed,False,,unknown,,review,False
power_common_mode/Fiber15/P90/1.JPG,.jpg,361.7,2026-04-28T04:49Z,other,review_needed,False,,unknown,,review,False
power_common_mode/Fiber15/P90/2.JPG,.jpg,362.2,2026-04-28T04:49Z,other,review_needed,False,,unknown,,review,False
power_common_mode/Fiber15/P90/3.JPG,.jpg,362.3,2026-04-28T04:50Z,other,review_needed,False,,unknown,,review,False
power_common_mode/Fiber15/P90/4.JPG,.jpg,362.7,2026-04-28T04:50Z,other,review_needed,False,,unknown,,review,False
power_common_mode/Fiber15/P90/5.JPG,.jpg,362.2,2026-04-28T04:50Z,other,review_needed,False,,unknown,,review,False
power_common_mode/Fiber2/P10/1.JPG,.jpg,91.0,2026-04-28T00:08Z,other,review_needed,False,,unknown,,review,False
power_common_mode/Fiber2/P10/2.JPG,.jpg,91.7,2026-04-28T00:08Z,other,review_needed,False,,unknown,,review,False
power_common_mode/Fiber2/P10/3.JPG,.jpg,90.9,2026-04-28T00:08Z,other,review_needed,False,,unknown,,review,False
power_common_mode/Fiber2/P10/4.JPG,.jpg,90.7,2026-04-28T00:09Z,other,review_needed,False,,unknown,,review,False
power_common_mode/Fiber2/P10/5.JPG,.jpg,90.5,2026-04-28T00:09Z,other,review_needed,False,,unknown,,review,False
power_common_mode/Fiber2/P110/1.JPG,.jpg,352.8,2026-04-28T00:19Z,other,review_needed,False,,unknown,,review,False
power_common_mode/Fiber2/P110/2.JPG,.jpg,352.6,2026-04-28T00:19Z,other,review_needed,False,,unknown,,review,False
power_common_mode/Fiber2/P110/3.JPG,.jpg,352.9,2026-04-28T00:20Z,other,review_needed,False,,unknown,,review,False
power_common_mode/Fiber2/P110/4.JPG,.jpg,352.7,2026-04-28T00:20Z,other,review_needed,False,,unknown,,review,False
power_common_mode/Fiber2/P110/5.JPG,.jpg,352.7,2026-04-28T00:20Z,other,review_needed,False,,unknown,,review,False
power_common_mode/Fiber2/P130/1.JPG,.jpg,381.6,2026-04-28T00:21Z,other,review_needed,False,,unknown,,review,False
power_common_mode/Fiber2/P130/2.JPG,.jpg,381.8,2026-04-28T00:21Z,other,review_needed,False,,unknown,,review,False
power_common_mode/Fiber2/P130/3.JPG,.jpg,382.3,2026-04-28T00:22Z,other,review_needed,False,,unknown,,review,False
power_common_mode/Fiber2/P130/4.JPG,.jpg,381.7,2026-04-28T00:22Z,other,review_needed,False,,unknown,,review,False
power_common_mode/Fiber2/P130/5.JPG,.jpg,381.5,2026-04-28T00:22Z,other,review_needed,False,,unknown,,review,False
power_common_mode/Fiber2/P150/1.JPG,.jpg,401.2,2026-04-28T00:23Z,other,review_needed,False,,unknown,,review,False
power_common_mode/Fiber2/P150/2.JPG,.jpg,400.3,2026-04-28T00:24Z,other,review_needed,False,,unknown,,review,False
power_common_mode/Fiber2/P150/3.JPG,.jpg,400.9,2026-04-28T00:24Z,other,review_needed,False,,unknown,,review,False
power_common_mode/Fiber2/P150/4.JPG,.jpg,400.7,2026-04-28T00:24Z,other,review_needed,False,,unknown,,review,False
power_common_mode/Fiber2/P150/5.JPG,.jpg,400.7,2026-04-28T00:25Z,other,review_needed,False,,unknown,,review,False
power_common_mode/Fiber2/P30/1.JPG,.jpg,170.5,2026-04-28T00:10Z,other,review_needed,False,,unknown,,review,False
power_common_mode/Fiber2/P30/2.JPG,.jpg,171.4,2026-04-28T00:11Z,other,review_needed,False,,unknown,,review,False
power_common_mode/Fiber2/P30/3.JPG,.jpg,171.5,2026-04-28T00:11Z,other,review_needed,False,,unknown,,review,False
power_common_mode/Fiber2/P30/4.JPG,.jpg,171.5,2026-04-28T00:11Z,other,review_needed,False,,unknown,,review,False
power_common_mode/Fiber2/P30/5.JPG,.jpg,171.6,2026-04-28T00:11Z,other,review_needed,False,,unknown,,review,False
power_common_mode/Fiber2/P50/1.JPG,.jpg,231.4,2026-04-28T00:13Z,other,review_needed,False,,unknown,,review,False
power_common_mode/Fiber2/P50/2.JPG,.jpg,232.1,2026-04-28T00:13Z,other,review_needed,False,,unknown,,review,False
power_common_mode/Fiber2/P50/3.JPG,.jpg,232.5,2026-04-28T00:13Z,other,review_needed,False,,unknown,,review,False
power_common_mode/Fiber2/P50/4.JPG,.jpg,232.5,2026-04-28T00:14Z,other,review_needed,False,,unknown,,review,False
power_common_mode/Fiber2/P50/5.JPG,.jpg,232.8,2026-04-28T00:14Z,other,review_needed,False,,unknown,,review,False
power_common_mode/Fiber2/P70/1.JPG,.jpg,278.6,2026-04-28T00:15Z,other,review_needed,False,,unknown,,review,False
power_common_mode/Fiber2/P70/2.JPG,.jpg,278.7,2026-04-28T00:15Z,other,review_needed,False,,unknown,,review,False
power_common_mode/Fiber2/P70/3.JPG,.jpg,278.7,2026-04-28T00:15Z,other,review_needed,False,,unknown,,review,False
power_common_mode/Fiber2/P70/4.JPG,.jpg,278.5,2026-04-28T00:16Z,other,review_needed,False,,unknown,,review,False
power_common_mode/Fiber2/P70/5.JPG,.jpg,278.5,2026-04-28T00:16Z,other,review_needed,False,,unknown,,review,False
power_common_mode/Fiber2/P90/1.JPG,.jpg,318.1,2026-04-28T00:17Z,other,review_needed,False,,unknown,,review,False
power_common_mode/Fiber2/P90/2.JPG,.jpg,318.1,2026-04-28T00:17Z,other,review_needed,False,,unknown,,review,False
power_common_mode/Fiber2/P90/3.JPG,.jpg,318.1,2026-04-28T00:18Z,other,review_needed,False,,unknown,,review,False
power_common_mode/Fiber2/P90/4.JPG,.jpg,318.0,2026-04-28T00:18Z,other,review_needed,False,,unknown,,review,False
power_common_mode/Fiber2/P90/5.JPG,.jpg,317.8,2026-04-28T00:18Z,other,review_needed,False,,unknown,,review,False
power_common_mode/Fiber3/P10/1.JPG,.jpg,81.8,2026-04-28T00:45Z,other,review_needed,False,,unknown,,review,False
power_common_mode/Fiber3/P10/2.JPG,.jpg,83.8,2026-04-28T00:45Z,other,review_needed,False,,unknown,,review,False
power_common_mode/Fiber3/P10/3.JPG,.jpg,83.6,2026-04-28T00:46Z,other,review_needed,False,,unknown,,review,False
power_common_mode/Fiber3/P10/4.JPG,.jpg,83.5,2026-04-28T00:46Z,other,review_needed,False,,unknown,,review,False
power_common_mode/Fiber3/P10/5.JPG,.jpg,83.2,2026-04-28T00:46Z,other,review_needed,False,,unknown,,review,False
power_common_mode/Fiber3/P110/1.JPG,.jpg,298.3,2026-04-28T00:56Z,other,review_needed,False,,unknown,,review,False
power_common_mode/Fiber3/P110/2.JPG,.jpg,298.6,2026-04-28T00:56Z,other,review_needed,False,,unknown,,review,False
power_common_mode/Fiber3/P110/3.JPG,.jpg,298.7,2026-04-28T00:56Z,other,review_needed,False,,unknown,,review,False
power_common_mode/Fiber3/P110/4.JPG,.jpg,299.0,2026-04-28T00:56Z,other,review_needed,False,,unknown,,review,False
power_common_mode/Fiber3/P110/5.JPG,.jpg,299.3,2026-04-28T00:57Z,other,review_needed,False,,unknown,,review,False
power_common_mode/Fiber3/P130/1.JPG,.jpg,331.5,2026-04-28T00:58Z,other,review_needed,False,,unknown,,review,False
power_common_mode/Fiber3/P130/2.JPG,.jpg,331.6,2026-04-28T00:58Z,other,review_needed,False,,unknown,,review,False
power_common_mode/Fiber3/P130/3.JPG,.jpg,331.6,2026-04-28T00:58Z,other,review_needed,False,,unknown,,review,False
power_common_mode/Fiber3/P130/4.JPG,.jpg,331.6,2026-04-28T00:58Z,other,review_needed,False,,unknown,,review,False
power_common_mode/Fiber3/P130/5.JPG,.jpg,331.8,2026-04-28T00:59Z,other,review_needed,False,,unknown,,review,False
power_common_mode/Fiber3/P150/1.JPG,.jpg,373.7,2026-04-28T01:00Z,other,review_needed,False,,unknown,,review,False
power_common_mode/Fiber3/P150/2.JPG,.jpg,374.1,2026-04-28T01:00Z,other,review_needed,False,,unknown,,review,False
power_common_mode/Fiber3/P150/3.JPG,.jpg,374.1,2026-04-28T01:00Z,other,review_needed,False,,unknown,,review,False
power_common_mode/Fiber3/P150/4.JPG,.jpg,374.5,2026-04-28T01:01Z,other,review_needed,False,,unknown,,review,False
power_common_mode/Fiber3/P150/5.JPG,.jpg,374.9,2026-04-28T01:01Z,other,review_needed,False,,unknown,,review,False
power_common_mode/Fiber3/P30/1.JPG,.jpg,158.9,2026-04-28T00:48Z,other,review_needed,False,,unknown,,review,False
power_common_mode/Fiber3/P30/2.JPG,.jpg,159.7,2026-04-28T00:48Z,other,review_needed,False,,unknown,,review,False
power_common_mode/Fiber3/P30/3.JPG,.jpg,159.9,2026-04-28T00:49Z,other,review_needed,False,,unknown,,review,False
power_common_mode/Fiber3/P30/4.JPG,.jpg,159.8,2026-04-28T00:49Z,other,review_needed,False,,unknown,,review,False
power_common_mode/Fiber3/P30/5.JPG,.jpg,159.6,2026-04-28T00:49Z,other,review_needed,False,,unknown,,review,False
power_common_mode/Fiber3/P50/1.JPG,.jpg,209.4,2026-04-28T00:50Z,other,review_needed,False,,unknown,,review,False
power_common_mode/Fiber3/P50/2.JPG,.jpg,210.9,2026-04-28T00:50Z,other,review_needed,False,,unknown,,review,False
power_common_mode/Fiber3/P50/3.JPG,.jpg,211.5,2026-04-28T00:50Z,other,review_needed,False,,unknown,,review,False
power_common_mode/Fiber3/P50/4.JPG,.jpg,211.4,2026-04-28T00:51Z,other,review_needed,False,,unknown,,review,False
power_common_mode/Fiber3/P50/5.JPG,.jpg,211.6,2026-04-28T00:51Z,other,review_needed,False,,unknown,,review,False
power_common_mode/Fiber3/P70/1.JPG,.jpg,249.5,2026-04-28T00:52Z,other,review_needed,False,,unknown,,review,False
power_common_mode/Fiber3/P70/2.JPG,.jpg,249.5,2026-04-28T00:52Z,other,review_needed,False,,unknown,,review,False
power_common_mode/Fiber3/P70/3.JPG,.jpg,249.7,2026-04-28T00:52Z,other,review_needed,False,,unknown,,review,False
power_common_mode/Fiber3/P70/4.JPG,.jpg,249.8,2026-04-28T00:53Z,other,review_needed,False,,unknown,,review,False
power_common_mode/Fiber3/P70/5.JPG,.jpg,249.9,2026-04-28T00:53Z,other,review_needed,False,,unknown,,review,False
power_common_mode/Fiber3/P90/1.JPG,.jpg,274.3,2026-04-28T00:54Z,other,review_needed,False,,unknown,,review,False
power_common_mode/Fiber3/P90/2.JPG,.jpg,274.4,2026-04-28T00:54Z,other,review_needed,False,,unknown,,review,False
power_common_mode/Fiber3/P90/3.JPG,.jpg,274.9,2026-04-28T00:54Z,other,review_needed,False,,unknown,,review,False
power_common_mode/Fiber3/P90/4.JPG,.jpg,274.8,2026-04-28T00:55Z,other,review_needed,False,,unknown,,review,False
power_common_mode/Fiber3/P90/5.JPG,.jpg,274.7,2026-04-28T00:55Z,other,review_needed,False,,unknown,,review,False
power_common_mode/Fiber4/P10/1.JPG,.jpg,90.8,2026-04-28T01:07Z,other,review_needed,False,,unknown,,review,False
power_common_mode/Fiber4/P10/2.JPG,.jpg,91.6,2026-04-28T01:07Z,other,review_needed,False,,unknown,,review,False
power_common_mode/Fiber4/P10/3.JPG,.jpg,91.1,2026-04-28T01:07Z,other,review_needed,False,,unknown,,review,False
power_common_mode/Fiber4/P10/4.JPG,.jpg,90.5,2026-04-28T01:07Z,other,review_needed,False,,unknown,,review,False
power_common_mode/Fiber4/P10/5.JPG,.jpg,90.6,2026-04-28T01:08Z,other,review_needed,False,,unknown,,review,False
power_common_mode/Fiber4/P110/1.JPG,.jpg,348.7,2026-04-28T01:20Z,other,review_needed,False,,unknown,,review,False
power_common_mode/Fiber4/P110/2.JPG,.jpg,349.0,2026-04-28T01:20Z,other,review_needed,False,,unknown,,review,False
power_common_mode/Fiber4/P110/3.JPG,.jpg,348.8,2026-04-28T01:20Z,other,review_needed,False,,unknown,,review,False
power_common_mode/Fiber4/P110/4.JPG,.jpg,349.2,2026-04-28T01:20Z,other,review_needed,False,,unknown,,review,False
power_common_mode/Fiber4/P110/5.JPG,.jpg,349.0,2026-04-28T01:21Z,other,review_needed,False,,unknown,,review,False
power_common_mode/Fiber4/P130/1.JPG,.jpg,381.1,2026-04-28T01:22Z,other,review_needed,False,,unknown,,review,False
power_common_mode/Fiber4/P130/2.JPG,.jpg,381.2,2026-04-28T01:22Z,other,review_needed,False,,unknown,,review,False
power_common_mode/Fiber4/P130/3.JPG,.jpg,380.7,2026-04-28T01:22Z,other,review_needed,False,,unknown,,review,False
power_common_mode/Fiber4/P130/4.JPG,.jpg,380.7,2026-04-28T01:22Z,other,review_needed,False,,unknown,,review,False
power_common_mode/Fiber4/P130/5.JPG,.jpg,381.0,2026-04-28T01:23Z,other,review_needed,False,,unknown,,review,False
power_common_mode/Fiber4/P150/1.JPG,.jpg,411.9,2026-04-28T01:24Z,other,review_needed,False,,unknown,,review,False
power_common_mode/Fiber4/P150/2.JPG,.jpg,412.1,2026-04-28T01:24Z,other,review_needed,False,,unknown,,review,False
power_common_mode/Fiber4/P150/3.JPG,.jpg,412.3,2026-04-28T01:24Z,other,review_needed,False,,unknown,,review,False
power_common_mode/Fiber4/P150/4.JPG,.jpg,411.7,2026-04-28T01:24Z,other,review_needed,False,,unknown,,review,False
power_common_mode/Fiber4/P150/5.JPG,.jpg,412.0,2026-04-28T01:25Z,other,review_needed,False,,unknown,,review,False
power_common_mode/Fiber4/P30/1.JPG,.jpg,177.6,2026-04-28T01:08Z,other,review_needed,False,,unknown,,review,False
power_common_mode/Fiber4/P30/2.JPG,.jpg,179.1,2026-04-28T01:09Z,other,review_needed,False,,unknown,,review,False
power_common_mode/Fiber4/P30/3.JPG,.jpg,178.6,2026-04-28T01:09Z,other,review_needed,False,,unknown,,review,False
power_common_mode/Fiber4/P30/4.JPG,.jpg,178.6,2026-04-28T01:09Z,other,review_needed,False,,unknown,,review,False
power_common_mode/Fiber4/P30/5.JPG,.jpg,178.9,2026-04-28T01:10Z,other,review_needed,False,,unknown,,review,False
power_common_mode/Fiber4/P50/1.JPG,.jpg,239.1,2026-04-28T01:10Z,other,review_needed,False,,unknown,,review,False
power_common_mode/Fiber4/P50/2.JPG,.jpg,241.4,2026-04-28T01:11Z,other,review_needed,False,,unknown,,review,False
power_common_mode/Fiber4/P50/3.JPG,.jpg,241.4,2026-04-28T01:11Z,other,review_needed,False,,unknown,,review,False
power_common_mode/Fiber4/P50/4.JPG,.jpg,241.9,2026-04-28T01:11Z,other,review_needed,False,,unknown,,review,False
power_common_mode/Fiber4/P50/5.JPG,.jpg,241.6,2026-04-28T01:11Z,other,review_needed,False,,unknown,,review,False
power_common_mode/Fiber4/P70/1.JPG,.jpg,283.7,2026-04-28T01:12Z,other,review_needed,False,,unknown,,review,False
power_common_mode/Fiber4/P70/2.JPG,.jpg,284.5,2026-04-28T01:12Z,other,review_needed,False,,unknown,,review,False
power_common_mode/Fiber4/P70/3.JPG,.jpg,285.2,2026-04-28T01:13Z,other,review_needed,False,,unknown,,review,False
power_common_mode/Fiber4/P70/4.JPG,.jpg,285.2,2026-04-28T01:13Z,other,review_needed,False,,unknown,,review,False
power_common_mode/Fiber4/P70/5.JPG,.jpg,284.8,2026-04-28T01:13Z,other,review_needed,False,,unknown,,review,False
power_common_mode/Fiber4/P90/1.JPG,.jpg,316.8,2026-04-28T01:14Z,other,review_needed,False,,unknown,,review,False
power_common_mode/Fiber4/P90/2.JPG,.jpg,318.3,2026-04-28T01:14Z,other,review_needed,False,,unknown,,review,False
power_common_mode/Fiber4/P90/3.JPG,.jpg,318.2,2026-04-28T01:15Z,other,review_needed,False,,unknown,,review,False
power_common_mode/Fiber4/P90/4.JPG,.jpg,318.5,2026-04-28T01:15Z,other,review_needed,False,,unknown,,review,False
power_common_mode/Fiber4/P90/5.JPG,.jpg,318.5,2026-04-28T01:15Z,other,review_needed,False,,unknown,,review,False
power_common_mode/Fiber5/P10/1.JPG,.jpg,85.1,2026-04-28T01:40Z,other,review_needed,False,,unknown,,review,False
power_common_mode/Fiber5/P10/2.JPG,.jpg,85.3,2026-04-28T01:40Z,other,review_needed,False,,unknown,,review,False
power_common_mode/Fiber5/P10/3.JPG,.jpg,84.7,2026-04-28T01:40Z,other,review_needed,False,,unknown,,review,False
power_common_mode/Fiber5/P10/4.JPG,.jpg,84.4,2026-04-28T01:40Z,other,review_needed,False,,unknown,,review,False
power_common_mode/Fiber5/P10/5.JPG,.jpg,84.3,2026-04-28T01:41Z,other,review_needed,False,,unknown,,review,False
power_common_mode/Fiber5/P110/1.JPG,.jpg,325.6,2026-04-28T01:49Z,other,review_needed,False,,unknown,,review,False
power_common_mode/Fiber5/P110/2.JPG,.jpg,325.7,2026-04-28T01:49Z,other,review_needed,False,,unknown,,review,False
power_common_mode/Fiber5/P110/3.JPG,.jpg,325.9,2026-04-28T01:50Z,other,review_needed,False,,unknown,,review,False
power_common_mode/Fiber5/P110/4.JPG,.jpg,326.3,2026-04-28T01:50Z,other,review_needed,False,,unknown,,review,False
power_common_mode/Fiber5/P110/5.JPG,.jpg,326.1,2026-04-28T01:50Z,other,review_needed,False,,unknown,,review,False
power_common_mode/Fiber5/P130/1.JPG,.jpg,360.8,2026-04-28T01:52Z,other,review_needed,False,,unknown,,review,False
power_common_mode/Fiber5/P130/2.JPG,.jpg,360.8,2026-04-28T01:52Z,other,review_needed,False,,unknown,,review,False
power_common_mode/Fiber5/P130/3.JPG,.jpg,361.2,2026-04-28T01:52Z,other,review_needed,False,,unknown,,review,False
power_common_mode/Fiber5/P130/4.JPG,.jpg,361.4,2026-04-28T01:52Z,other,review_needed,False,,unknown,,review,False
power_common_mode/Fiber5/P130/5.JPG,.jpg,361.7,2026-04-28T01:53Z,other,review_needed,False,,unknown,,review,False
power_common_mode/Fiber5/P150/1.JPG,.jpg,385.9,2026-04-28T01:53Z,other,review_needed,False,,unknown,,review,False
power_common_mode/Fiber5/P150/2.JPG,.jpg,386.3,2026-04-28T01:54Z,other,review_needed,False,,unknown,,review,False
power_common_mode/Fiber5/P150/3.JPG,.jpg,386.2,2026-04-28T01:54Z,other,review_needed,False,,unknown,,review,False
power_common_mode/Fiber5/P150/4.JPG,.jpg,386.4,2026-04-28T01:54Z,other,review_needed,False,,unknown,,review,False
power_common_mode/Fiber5/P150/5.JPG,.jpg,386.8,2026-04-28T01:54Z,other,review_needed,False,,unknown,,review,False
power_common_mode/Fiber5/P30/1.JPG,.jpg,161.0,2026-04-28T01:42Z,other,review_needed,False,,unknown,,review,False
power_common_mode/Fiber5/P30/2.JPG,.jpg,161.2,2026-04-28T01:42Z,other,review_needed,False,,unknown,,review,False
power_common_mode/Fiber5/P30/3.JPG,.jpg,161.4,2026-04-28T01:42Z,other,review_needed,False,,unknown,,review,False
power_common_mode/Fiber5/P30/4.JPG,.jpg,160.8,2026-04-28T01:43Z,other,review_needed,False,,unknown,,review,False
power_common_mode/Fiber5/P30/5.JPG,.jpg,160.8,2026-04-28T01:43Z,other,review_needed,False,,unknown,,review,False
power_common_mode/Fiber5/P50/1.JPG,.jpg,217.2,2026-04-28T01:44Z,other,review_needed,False,,unknown,,review,False
power_common_mode/Fiber5/P50/2.JPG,.jpg,217.3,2026-04-28T01:44Z,other,review_needed,False,,unknown,,review,False
power_common_mode/Fiber5/P50/3.JPG,.jpg,217.7,2026-04-28T01:44Z,other,review_needed,False,,unknown,,review,False
power_common_mode/Fiber5/P50/4.JPG,.jpg,217.8,2026-04-28T01:44Z,other,review_needed,False,,unknown,,review,False
power_common_mode/Fiber5/P50/5.JPG,.jpg,217.9,2026-04-28T01:45Z,other,review_needed,False,,unknown,,review,False
power_common_mode/Fiber5/P70/1.JPG,.jpg,258.2,2026-04-28T01:45Z,other,review_needed,False,,unknown,,review,False
power_common_mode/Fiber5/P70/2.JPG,.jpg,258.1,2026-04-28T01:46Z,other,review_needed,False,,unknown,,review,False
power_common_mode/Fiber5/P70/3.JPG,.jpg,258.0,2026-04-28T01:46Z,other,review_needed,False,,unknown,,review,False
power_common_mode/Fiber5/P70/4.JPG,.jpg,257.9,2026-04-28T01:46Z,other,review_needed,False,,unknown,,review,False
power_common_mode/Fiber5/P70/5.JPG,.jpg,257.7,2026-04-28T01:47Z,other,review_needed,False,,unknown,,review,False
power_common_mode/Fiber5/P90/1.JPG,.jpg,293.7,2026-04-28T01:47Z,other,review_needed,False,,unknown,,review,False
power_common_mode/Fiber5/P90/2.JPG,.jpg,293.7,2026-04-28T01:48Z,other,review_needed,False,,unknown,,review,False
power_common_mode/Fiber5/P90/3.JPG,.jpg,293.0,2026-04-28T01:48Z,other,review_needed,False,,unknown,,review,False
power_common_mode/Fiber5/P90/4.JPG,.jpg,293.6,2026-04-28T01:48Z,other,review_needed,False,,unknown,,review,False
power_common_mode/Fiber5/P90/5.JPG,.jpg,293.3,2026-04-28T01:48Z,other,review_needed,False,,unknown,,review,False
power_common_mode/Fiber6/P10/1.JPG,.jpg,55.8,2026-04-28T02:02Z,other,review_needed,False,,unknown,,review,False
power_common_mode/Fiber6/P10/10.JPG,.jpg,115.5,2026-04-28T02:05Z,other,review_needed,False,,unknown,,review,False
power_common_mode/Fiber6/P10/2.JPG,.jpg,56.5,2026-04-28T02:02Z,other,review_needed,False,,unknown,,review,False
power_common_mode/Fiber6/P10/3.JPG,.jpg,56.1,2026-04-28T02:02Z,other,review_needed,False,,unknown,,review,False
power_common_mode/Fiber6/P10/4.JPG,.jpg,55.9,2026-04-28T02:02Z,other,review_needed,False,,unknown,,review,False
power_common_mode/Fiber6/P10/5.JPG,.jpg,55.8,2026-04-28T02:03Z,other,review_needed,False,,unknown,,review,False
power_common_mode/Fiber6/P10/6.JPG,.jpg,114.4,2026-04-28T02:04Z,other,review_needed,False,,unknown,,review,False
power_common_mode/Fiber6/P10/7.JPG,.jpg,115.3,2026-04-28T02:04Z,other,review_needed,False,,unknown,,review,False
power_common_mode/Fiber6/P10/8.JPG,.jpg,115.4,2026-04-28T02:04Z,other,review_needed,False,,unknown,,review,False
power_common_mode/Fiber6/P10/9.JPG,.jpg,115.5,2026-04-28T02:05Z,other,review_needed,False,,unknown,,review,False
power_common_mode/Fiber6/P130/1.JPG,.jpg,293.2,2026-04-28T02:12Z,other,review_needed,False,,unknown,,review,False
power_common_mode/Fiber6/P130/2.JPG,.jpg,292.9,2026-04-28T02:13Z,other,review_needed,False,,unknown,,review,False
power_common_mode/Fiber6/P130/3.JPG,.jpg,294.0,2026-04-28T02:13Z,other,review_needed,False,,unknown,,review,False
power_common_mode/Fiber6/P130/4.JPG,.jpg,293.8,2026-04-28T02:13Z,other,review_needed,False,,unknown,,review,False
power_common_mode/Fiber6/P130/5.JPG,.jpg,294.3,2026-04-28T02:13Z,other,review_needed,False,,unknown,,review,False
power_common_mode/Fiber6/P150/1.JPG,.jpg,321.8,2026-04-28T02:14Z,other,review_needed,False,,unknown,,review,False
power_common_mode/Fiber6/P150/2.JPG,.jpg,322.1,2026-04-28T02:14Z,other,review_needed,False,,unknown,,review,False
power_common_mode/Fiber6/P150/3.JPG,.jpg,322.3,2026-04-28T02:15Z,other,review_needed,False,,unknown,,review,False
power_common_mode/Fiber6/P150/4.JPG,.jpg,322.4,2026-04-28T02:15Z,other,review_needed,False,,unknown,,review,False
power_common_mode/Fiber6/P150/5.JPG,.jpg,322.1,2026-04-28T02:15Z,other,review_needed,False,,unknown,,review,False
power_common_mode/Fiber6/P30/1.JPG,.jpg,162.6,2026-04-28T02:05Z,other,review_needed,False,,unknown,,review,False
power_common_mode/Fiber6/P30/2.JPG,.jpg,163.5,2026-04-28T02:06Z,other,review_needed,False,,unknown,,review,False
power_common_mode/Fiber6/P30/3.JPG,.jpg,163.5,2026-04-28T02:06Z,other,review_needed,False,,unknown,,review,False
power_common_mode/Fiber6/P30/4.JPG,.jpg,163.9,2026-04-28T02:06Z,other,review_needed,False,,unknown,,review,False
power_common_mode/Fiber6/P30/5.JPG,.jpg,163.8,2026-04-28T02:07Z,other,review_needed,False,,unknown,,review,False
power_common_mode/Fiber6/P50/1.JPG,.jpg,201.1,2026-04-28T02:07Z,other,review_needed,False,,unknown,,review,False
power_common_mode/Fiber6/P50/2.JPG,.jpg,201.0,2026-04-28T02:07Z,other,review_needed,False,,unknown,,review,False
power_common_mode/Fiber6/P50/3.JPG,.jpg,201.4,2026-04-28T02:08Z,other,review_needed,False,,unknown,,review,False
power_common_mode/Fiber6/P50/4.JPG,.jpg,201.3,2026-04-28T02:08Z,other,review_needed,False,,unknown,,review,False
power_common_mode/Fiber6/P50/5.JPG,.jpg,201.3,2026-04-28T02:08Z,other,review_needed,False,,unknown,,review,False
power_common_mode/Fiber6/P70/1.JPG,.jpg,235.7,2026-04-28T02:09Z,other,review_needed,False,,unknown,,review,False
power_common_mode/Fiber6/P70/2.JPG,.jpg,235.9,2026-04-28T02:09Z,other,review_needed,False,,unknown,,review,False
power_common_mode/Fiber6/P70/3.JPG,.jpg,235.9,2026-04-28T02:09Z,other,review_needed,False,,unknown,,review,False
power_common_mode/Fiber6/P70/4.JPG,.jpg,235.7,2026-04-28T02:10Z,other,review_needed,False,,unknown,,review,False
power_common_mode/Fiber6/P70/5.JPG,.jpg,235.8,2026-04-28T02:10Z,other,review_needed,False,,unknown,,review,False
power_common_mode/Fiber6/P90/1.JPG,.jpg,262.3,2026-04-28T02:11Z,other,review_needed,False,,unknown,,review,False
power_common_mode/Fiber6/P90/2.JPG,.jpg,262.1,2026-04-28T02:11Z,other,review_needed,False,,unknown,,review,False
power_common_mode/Fiber6/P90/3.JPG,.jpg,262.3,2026-04-28T02:11Z,other,review_needed,False,,unknown,,review,False
power_common_mode/Fiber6/P90/4.JPG,.jpg,262.0,2026-04-28T02:11Z,other,review_needed,False,,unknown,,review,False
power_common_mode/Fiber6/P90/5.JPG,.jpg,261.9,2026-04-28T02:12Z,other,review_needed,False,,unknown,,review,False
power_common_mode/Fiber7/P10/1.JPG,.jpg,73.4,2026-04-28T02:21Z,other,review_needed,False,,unknown,,review,False
power_common_mode/Fiber7/P10/2.JPG,.jpg,74.9,2026-04-28T02:21Z,other,review_needed,False,,unknown,,review,False
power_common_mode/Fiber7/P10/3.JPG,.jpg,75.0,2026-04-28T02:21Z,other,review_needed,False,,unknown,,review,False
power_common_mode/Fiber7/P10/4.JPG,.jpg,75.0,2026-04-28T02:21Z,other,review_needed,False,,unknown,,review,False
power_common_mode/Fiber7/P10/5.JPG,.jpg,75.2,2026-04-28T02:22Z,other,review_needed,False,,unknown,,review,False
power_common_mode/Fiber7/P110/1.JPG,.jpg,327.7,2026-04-28T02:30Z,other,review_needed,False,,unknown,,review,False
power_common_mode/Fiber7/P110/2.JPG,.jpg,327.4,2026-04-28T02:30Z,other,review_needed,False,,unknown,,review,False
power_common_mode/Fiber7/P110/3.JPG,.jpg,327.4,2026-04-28T02:30Z,other,review_needed,False,,unknown,,review,False
power_common_mode/Fiber7/P110/4.JPG,.jpg,327.2,2026-04-28T02:30Z,other,review_needed,False,,unknown,,review,False
power_common_mode/Fiber7/P110/5.JPG,.jpg,326.8,2026-04-28T02:31Z,other,review_needed,False,,unknown,,review,False
power_common_mode/Fiber7/P130/1.JPG,.jpg,352.0,2026-04-28T02:31Z,other,review_needed,False,,unknown,,review,False
power_common_mode/Fiber7/P130/2.JPG,.jpg,351.4,2026-04-28T02:32Z,other,review_needed,False,,unknown,,review,False
power_common_mode/Fiber7/P130/3.JPG,.jpg,351.7,2026-04-28T02:32Z,other,review_needed,False,,unknown,,review,False
power_common_mode/Fiber7/P130/4.JPG,.jpg,351.8,2026-04-28T02:32Z,other,review_needed,False,,unknown,,review,False
power_common_mode/Fiber7/P130/5.JPG,.jpg,352.0,2026-04-28T02:32Z,other,review_needed,False,,unknown,,review,False
power_common_mode/Fiber7/P150/1.JPG,.jpg,371.6,2026-04-28T02:33Z,other,review_needed,False,,unknown,,review,False
power_common_mode/Fiber7/P150/2.JPG,.jpg,372.4,2026-04-28T02:33Z,other,review_needed,False,,unknown,,review,False
power_common_mode/Fiber7/P150/3.JPG,.jpg,371.8,2026-04-28T02:34Z,other,review_needed,False,,unknown,,review,False
power_common_mode/Fiber7/P150/4.JPG,.jpg,372.0,2026-04-28T02:34Z,other,review_needed,False,,unknown,,review,False
power_common_mode/Fiber7/P150/5.JPG,.jpg,372.0,2026-04-28T02:34Z,other,review_needed,False,,unknown,,review,False
power_common_mode/Fiber7/P30/1.JPG,.jpg,155.4,2026-04-28T02:22Z,other,review_needed,False,,unknown,,review,False
power_common_mode/Fiber7/P30/2.JPG,.jpg,155.9,2026-04-28T02:23Z,other,review_needed,False,,unknown,,review,False
power_common_mode/Fiber7/P30/3.JPG,.jpg,155.6,2026-04-28T02:23Z,other,review_needed,False,,unknown,,review,False
power_common_mode/Fiber7/P30/4.JPG,.jpg,155.6,2026-04-28T02:23Z,other,review_needed,False,,unknown,,review,False
power_common_mode/Fiber7/P30/5.JPG,.jpg,155.5,2026-04-28T02:23Z,other,review_needed,False,,unknown,,review,False
power_common_mode/Fiber7/P50/1.JPG,.jpg,212.4,2026-04-28T02:24Z,other,review_needed,False,,unknown,,review,False
power_common_mode/Fiber7/P50/2.JPG,.jpg,213.3,2026-04-28T02:24Z,other,review_needed,False,,unknown,,review,False
power_common_mode/Fiber7/P50/3.JPG,.jpg,213.3,2026-04-28T02:25Z,other,review_needed,False,,unknown,,review,False
power_common_mode/Fiber7/P50/4.JPG,.jpg,213.5,2026-04-28T02:25Z,other,review_needed,False,,unknown,,review,False
power_common_mode/Fiber7/P50/5.JPG,.jpg,212.7,2026-04-28T02:25Z,other,review_needed,False,,unknown,,review,False
power_common_mode/Fiber7/P70/1.JPG,.jpg,253.9,2026-04-28T02:26Z,other,review_needed,False,,unknown,,review,False
power_common_mode/Fiber7/P70/2.JPG,.jpg,255.2,2026-04-28T02:26Z,other,review_needed,False,,unknown,,review,False
power_common_mode/Fiber7/P70/3.JPG,.jpg,255.1,2026-04-28T02:26Z,other,review_needed,False,,unknown,,review,False
power_common_mode/Fiber7/P70/4.JPG,.jpg,254.4,2026-04-28T02:27Z,other,review_needed,False,,unknown,,review,False
power_common_mode/Fiber7/P70/5.JPG,.jpg,254.6,2026-04-28T02:27Z,other,review_needed,False,,unknown,,review,False
power_common_mode/Fiber7/P90/1.JPG,.jpg,296.3,2026-04-28T02:28Z,other,review_needed,False,,unknown,,review,False
power_common_mode/Fiber7/P90/2.JPG,.jpg,295.8,2026-04-28T02:28Z,other,review_needed,False,,unknown,,review,False
power_common_mode/Fiber7/P90/3.JPG,.jpg,296.3,2026-04-28T02:28Z,other,review_needed,False,,unknown,,review,False
power_common_mode/Fiber7/P90/4.JPG,.jpg,296.4,2026-04-28T02:28Z,other,review_needed,False,,unknown,,review,False
power_common_mode/Fiber7/P90/5.JPG,.jpg,296.1,2026-04-28T02:29Z,other,review_needed,False,,unknown,,review,False
power_common_mode/Fiber8/P10/1.JPG,.jpg,63.8,2026-04-28T02:51Z,other,review_needed,False,,unknown,,review,False
power_common_mode/Fiber8/P10/2.JPG,.jpg,65.1,2026-04-28T02:51Z,other,review_needed,False,,unknown,,review,False
power_common_mode/Fiber8/P10/3.JPG,.jpg,64.6,2026-04-28T02:51Z,other,review_needed,False,,unknown,,review,False
power_common_mode/Fiber8/P10/4.JPG,.jpg,64.5,2026-04-28T02:51Z,other,review_needed,False,,unknown,,review,False
power_common_mode/Fiber8/P10/5.JPG,.jpg,64.5,2026-04-28T02:52Z,other,review_needed,False,,unknown,,review,False
power_common_mode/Fiber8/P110/1.JPG,.jpg,307.4,2026-04-28T02:59Z,other,review_needed,False,,unknown,,review,False
power_common_mode/Fiber8/P110/2.JPG,.jpg,307.9,2026-04-28T03:00Z,other,review_needed,False,,unknown,,review,False
power_common_mode/Fiber8/P110/3.JPG,.jpg,307.9,2026-04-28T03:00Z,other,review_needed,False,,unknown,,review,False
power_common_mode/Fiber8/P110/4.JPG,.jpg,307.7,2026-04-28T03:00Z,other,review_needed,False,,unknown,,review,False
power_common_mode/Fiber8/P110/5.JPG,.jpg,307.4,2026-04-28T03:00Z,other,review_needed,False,,unknown,,review,False
power_common_mode/Fiber8/P130/1.JPG,.jpg,342.8,2026-04-28T03:01Z,other,review_needed,False,,unknown,,review,False
power_common_mode/Fiber8/P130/2.JPG,.jpg,342.4,2026-04-28T03:01Z,other,review_needed,False,,unknown,,review,False
power_common_mode/Fiber8/P130/3.JPG,.jpg,342.8,2026-04-28T03:02Z,other,review_needed,False,,unknown,,review,False
power_common_mode/Fiber8/P130/4.JPG,.jpg,342.3,2026-04-28T03:02Z,other,review_needed,False,,unknown,,review,False
power_common_mode/Fiber8/P130/5.JPG,.jpg,342.3,2026-04-28T03:02Z,other,review_needed,False,,unknown,,review,False
power_common_mode/Fiber8/P150/1.JPG,.jpg,378.7,2026-04-28T03:03Z,other,review_needed,False,,unknown,,review,False
power_common_mode/Fiber8/P150/2.JPG,.jpg,378.1,2026-04-28T03:03Z,other,review_needed,False,,unknown,,review,False
power_common_mode/Fiber8/P150/3.JPG,.jpg,378.6,2026-04-28T03:03Z,other,review_needed,False,,unknown,,review,False
power_common_mode/Fiber8/P150/4.JPG,.jpg,379.2,2026-04-28T03:03Z,other,review_needed,False,,unknown,,review,False
power_common_mode/Fiber8/P150/5.JPG,.jpg,379.4,2026-04-28T03:04Z,other,review_needed,False,,unknown,,review,False
power_common_mode/Fiber8/P30/1.JPG,.jpg,128.2,2026-04-28T02:52Z,other,review_needed,False,,unknown,,review,False
power_common_mode/Fiber8/P30/2.JPG,.jpg,128.6,2026-04-28T02:53Z,other,review_needed,False,,unknown,,review,False
power_common_mode/Fiber8/P30/3.JPG,.jpg,128.4,2026-04-28T02:53Z,other,review_needed,False,,unknown,,review,False
power_common_mode/Fiber8/P30/4.JPG,.jpg,128.0,2026-04-28T02:53Z,other,review_needed,False,,unknown,,review,False
power_common_mode/Fiber8/P30/5.JPG,.jpg,128.0,2026-04-28T02:53Z,other,review_needed,False,,unknown,,review,False
power_common_mode/Fiber8/P50/1.JPG,.jpg,183.9,2026-04-28T02:54Z,other,review_needed,False,,unknown,,review,False
power_common_mode/Fiber8/P50/2.JPG,.jpg,185.0,2026-04-28T02:55Z,other,review_needed,False,,unknown,,review,False
power_common_mode/Fiber8/P50/3.JPG,.jpg,184.9,2026-04-28T02:55Z,other,review_needed,False,,unknown,,review,False
power_common_mode/Fiber8/P50/4.JPG,.jpg,185.0,2026-04-28T02:55Z,other,review_needed,False,,unknown,,review,False
power_common_mode/Fiber8/P50/5.JPG,.jpg,185.1,2026-04-28T02:55Z,other,review_needed,False,,unknown,,review,False
power_common_mode/Fiber8/P70/1.JPG,.jpg,229.7,2026-04-28T02:56Z,other,review_needed,False,,unknown,,review,False
power_common_mode/Fiber8/P70/2.JPG,.jpg,229.6,2026-04-28T02:56Z,other,review_needed,False,,unknown,,review,False
power_common_mode/Fiber8/P70/3.JPG,.jpg,229.6,2026-04-28T02:57Z,other,review_needed,False,,unknown,,review,False
power_common_mode/Fiber8/P70/4.JPG,.jpg,229.6,2026-04-28T02:57Z,other,review_needed,False,,unknown,,review,False
power_common_mode/Fiber8/P70/5.JPG,.jpg,229.8,2026-04-28T02:57Z,other,review_needed,False,,unknown,,review,False
power_common_mode/Fiber8/P90/1.JPG,.jpg,271.9,2026-04-28T02:58Z,other,review_needed,False,,unknown,,review,False
power_common_mode/Fiber8/P90/2.JPG,.jpg,272.1,2026-04-28T02:58Z,other,review_needed,False,,unknown,,review,False
power_common_mode/Fiber8/P90/3.JPG,.jpg,271.8,2026-04-28T02:58Z,other,review_needed,False,,unknown,,review,False
power_common_mode/Fiber8/P90/4.JPG,.jpg,271.9,2026-04-28T02:58Z,other,review_needed,False,,unknown,,review,False
power_common_mode/Fiber8/P90/5.JPG,.jpg,272.2,2026-04-28T02:59Z,other,review_needed,False,,unknown,,review,False
power_common_mode/Fiber9/P10/1.JPG,.jpg,50.2,2026-04-28T03:13Z,other,review_needed,False,,unknown,,review,False
power_common_mode/Fiber9/P10/2.JPG,.jpg,50.4,2026-04-28T03:13Z,other,review_needed,False,,unknown,,review,False
power_common_mode/Fiber9/P10/3.JPG,.jpg,50.3,2026-04-28T03:13Z,other,review_needed,False,,unknown,,review,False
power_common_mode/Fiber9/P10/4.JPG,.jpg,50.3,2026-04-28T03:14Z,other,review_needed,False,,unknown,,review,False
power_common_mode/Fiber9/P10/5.JPG,.jpg,50.3,2026-04-28T03:14Z,other,review_needed,False,,unknown,,review,False
power_common_mode/Fiber9/P110/1.JPG,.jpg,254.7,2026-04-28T03:22Z,other,review_needed,False,,unknown,,review,False
power_common_mode/Fiber9/P110/2.JPG,.jpg,255.4,2026-04-28T03:22Z,other,review_needed,False,,unknown,,review,False
power_common_mode/Fiber9/P110/3.JPG,.jpg,255.8,2026-04-28T03:22Z,other,review_needed,False,,unknown,,review,False
power_common_mode/Fiber9/P110/4.JPG,.jpg,256.3,2026-04-28T03:22Z,other,review_needed,False,,unknown,,review,False
power_common_mode/Fiber9/P110/5.JPG,.jpg,255.9,2026-04-28T03:23Z,other,review_needed,False,,unknown,,review,False
power_common_mode/Fiber9/P130/1.JPG,.jpg,288.2,2026-04-28T03:24Z,other,review_needed,False,,unknown,,review,False
power_common_mode/Fiber9/P130/2.JPG,.jpg,288.0,2026-04-28T03:24Z,other,review_needed,False,,unknown,,review,False
power_common_mode/Fiber9/P130/3.JPG,.jpg,288.0,2026-04-28T03:24Z,other,review_needed,False,,unknown,,review,False
power_common_mode/Fiber9/P130/4.JPG,.jpg,287.8,2026-04-28T03:24Z,other,review_needed,False,,unknown,,review,False
power_common_mode/Fiber9/P130/5.JPG,.jpg,288.4,2026-04-28T03:25Z,other,review_needed,False,,unknown,,review,False
power_common_mode/Fiber9/P150/1.JPG,.jpg,311.6,2026-04-28T03:25Z,other,review_needed,False,,unknown,,review,False
power_common_mode/Fiber9/P150/2.JPG,.jpg,310.6,2026-04-28T03:25Z,other,review_needed,False,,unknown,,review,False
power_common_mode/Fiber9/P150/3.JPG,.jpg,311.5,2026-04-28T03:26Z,other,review_needed,False,,unknown,,review,False
power_common_mode/Fiber9/P150/4.JPG,.jpg,311.4,2026-04-28T03:26Z,other,review_needed,False,,unknown,,review,False
power_common_mode/Fiber9/P150/5.JPG,.jpg,312.1,2026-04-28T03:26Z,other,review_needed,False,,unknown,,review,False
power_common_mode/Fiber9/P30/1.JPG,.jpg,109.6,2026-04-28T03:15Z,other,review_needed,False,,unknown,,review,False
power_common_mode/Fiber9/P30/2.JPG,.jpg,109.9,2026-04-28T03:15Z,other,review_needed,False,,unknown,,review,False
power_common_mode/Fiber9/P30/3.JPG,.jpg,109.7,2026-04-28T03:15Z,other,review_needed,False,,unknown,,review,False
power_common_mode/Fiber9/P30/4.JPG,.jpg,109.3,2026-04-28T03:15Z,other,review_needed,False,,unknown,,review,False
power_common_mode/Fiber9/P30/5.JPG,.jpg,109.3,2026-04-28T03:16Z,other,review_needed,False,,unknown,,review,False
power_common_mode/Fiber9/P50/1.JPG,.jpg,157.8,2026-04-28T03:16Z,other,review_needed,False,,unknown,,review,False
power_common_mode/Fiber9/P50/2.JPG,.jpg,158.6,2026-04-28T03:17Z,other,review_needed,False,,unknown,,review,False
power_common_mode/Fiber9/P50/3.JPG,.jpg,159.1,2026-04-28T03:17Z,other,review_needed,False,,unknown,,review,False
power_common_mode/Fiber9/P50/4.JPG,.jpg,159.1,2026-04-28T03:17Z,other,review_needed,False,,unknown,,review,False
power_common_mode/Fiber9/P50/5.JPG,.jpg,158.8,2026-04-28T03:17Z,other,review_needed,False,,unknown,,review,False
power_common_mode/Fiber9/P70/1.JPG,.jpg,195.3,2026-04-28T03:18Z,other,review_needed,False,,unknown,,review,False
power_common_mode/Fiber9/P70/2.JPG,.jpg,195.4,2026-04-28T03:18Z,other,review_needed,False,,unknown,,review,False
power_common_mode/Fiber9/P70/3.JPG,.jpg,195.3,2026-04-28T03:19Z,other,review_needed,False,,unknown,,review,False
power_common_mode/Fiber9/P70/4.JPG,.jpg,195.5,2026-04-28T03:19Z,other,review_needed,False,,unknown,,review,False
power_common_mode/Fiber9/P70/5.JPG,.jpg,195.8,2026-04-28T03:19Z,other,review_needed,False,,unknown,,review,False
power_common_mode/Fiber9/P90/1.JPG,.jpg,227.2,2026-04-28T03:20Z,other,review_needed,False,,unknown,,review,False
power_common_mode/Fiber9/P90/2.JPG,.jpg,226.9,2026-04-28T03:20Z,other,review_needed,False,,unknown,,review,False
power_common_mode/Fiber9/P90/3.JPG,.jpg,226.8,2026-04-28T03:20Z,other,review_needed,False,,unknown,,review,False
power_common_mode/Fiber9/P90/4.JPG,.jpg,226.8,2026-04-28T03:21Z,other,review_needed,False,,unknown,,review,False
power_common_mode/Fiber9/P90/5.JPG,.jpg,226.9,2026-04-28T03:21Z,other,review_needed,False,,unknown,,review,False
results/cross_fiber/cross_fiber_heatmap.png,.png,82.0,2026-04-13T16:35Z,other,review_needed,False,,unknown,,review,False
results/fiber1/confusion_matrix.png,.png,67.4,2026-04-13T15:06Z,other,review_needed,False,,unknown,,review,False
results/fiber1/loss_acc_curve.png,.png,50.7,2026-04-13T15:06Z,other,review_needed,False,,unknown,,review,False
results/fiber2/confusion_matrix.png,.png,67.8,2026-04-13T15:14Z,other,review_needed,False,,unknown,,review,False
results/fiber2/loss_acc_curve.png,.png,56.8,2026-04-13T15:14Z,other,review_needed,False,,unknown,,review,False
results/fiber3/confusion_matrix.png,.png,67.7,2026-04-13T15:22Z,other,review_needed,False,,unknown,,review,False
results/fiber3/loss_acc_curve.png,.png,54.1,2026-04-13T15:22Z,other,review_needed,False,,unknown,,review,False
results/fiber4/confusion_matrix.png,.png,67.5,2026-04-13T15:31Z,other,review_needed,False,,unknown,,review,False
results/fiber4/loss_acc_curve.png,.png,56.2,2026-04-13T15:31Z,other,review_needed,False,,unknown,,review,False
results/fiber5/confusion_matrix.png,.png,67.7,2026-04-13T15:41Z,other,review_needed,False,,unknown,,review,False
results/fiber5/loss_acc_curve.png,.png,57.2,2026-04-13T15:41Z,other,review_needed,False,,unknown,,review,False
results/length_optimization_green/figures/entropy_vs_length.pdf,.pdf,23.3,2026-05-12T07:43Z,other,review_needed,False,,unknown,,review,False
results/length_optimization_green/figures/entropy_vs_length.png,.png,282.0,2026-05-12T07:43Z,other,review_needed,False,,unknown,,review,False
results/length_optimization_green/figures/entropy_vs_length.svg,.svg,42.9,2026-05-12T07:43Z,other,review_needed,False,,unknown,,review,False
results/length_optimization_green/figures/figure2_combined.pdf,.pdf,26.8,2026-05-12T07:43Z,other,review_needed,False,,unknown,,review,False
results/length_optimization_green/figures/figure2_combined.png,.png,829.6,2026-05-12T07:43Z,other,review_needed,False,,unknown,,review,False
results/length_optimization_green/figures/figure2_combined.svg,.svg,96.8,2026-05-12T07:43Z,other,review_needed,False,,unknown,,review,False
results/length_optimization_green/figures/loss_vs_length.pdf,.pdf,22.8,2026-05-12T07:43Z,other,review_needed,False,,unknown,,review,False
results/length_optimization_green/figures/loss_vs_length.png,.png,150.4,2026-05-12T07:43Z,other,review_needed,False,,unknown,,review,False
results/length_optimization_green/figures/loss_vs_length.svg,.svg,45.3,2026-05-12T07:43Z,other,review_needed,False,,unknown,,review,False
results/length_optimization_green/figures/separability_vs_length.pdf,.pdf,24.8,2026-05-12T07:43Z,other,review_needed,False,,unknown,,review,False
results/length_optimization_green/figures/separability_vs_length.png,.png,375.2,2026-05-12T07:43Z,other,review_needed,False,,unknown,,review,False
results/length_optimization_green/figures/separability_vs_length.svg,.svg,61.9,2026-05-12T07:43Z,other,review_needed,False,,unknown,,review,False
results/length_optimization_green/figures/speckle_montage.pdf,.pdf,3802.0,2026-05-12T07:43Z,other,review_needed,False,,unknown,,review,False
results/length_optimization_green/figures/speckle_montage.png,.png,4584.6,2026-05-12T07:43Z,other,review_needed,False,,unknown,,review,False
results/length_optimization_green/figures/speckle_montage.svg,.svg,5919.3,2026-05-12T07:43Z,other,review_needed,False,,unknown,,review,False
results/length_optimize_current/figures/entropy_per_length.pdf,.pdf,20.7,2026-05-05T07:56Z,other,review_needed,False,,unknown,deprecated_pipeline_output,archive_old / do_not_use_for_final_length_fig,False
results/length_optimize_current/figures/entropy_per_length.png,.png,159.7,2026-05-05T07:56Z,other,review_needed,False,,unknown,deprecated_pipeline_output,archive_old / do_not_use_for_final_length_fig,False
results/length_optimize_current/figures/entropy_per_length.svg,.svg,37.3,2026-05-05T07:56Z,other,review_needed,False,,unknown,deprecated_pipeline_output,archive_old / do_not_use_for_final_length_fig,False
results/length_optimize_current/figures/intensity_histogram.pdf,.pdf,28.4,2026-05-05T07:56Z,other,review_needed,False,,unknown,deprecated_pipeline_output,archive_old / do_not_use_for_final_length_fig,False
results/length_optimize_current/figures/intensity_histogram.png,.png,314.0,2026-05-05T07:56Z,other,review_needed,False,,unknown,deprecated_pipeline_output,archive_old / do_not_use_for_final_length_fig,False
results/length_optimize_current/figures/intensity_histogram.svg,.svg,63.2,2026-05-05T07:56Z,other,review_needed,False,,unknown,deprecated_pipeline_output,archive_old / do_not_use_for_final_length_fig,False
results/length_optimize_current/figures/separability_per_length.pdf,.pdf,18.3,2026-05-05T07:56Z,other,review_needed,False,,unknown,deprecated_pipeline_output,archive_old / do_not_use_for_final_length_fig,False
results/length_optimize_current/figures/separability_per_length.png,.png,227.3,2026-05-05T07:56Z,other,review_needed,False,,unknown,deprecated_pipeline_output,archive_old / do_not_use_for_final_length_fig,False
results/length_optimize_current/figures/separability_per_length.svg,.svg,58.5,2026-05-05T07:56Z,other,review_needed,False,,unknown,deprecated_pipeline_output,archive_old / do_not_use_for_final_length_fig,False
results/length_optimize_current/figures/speckle_montage.pdf,.pdf,16751.4,2026-05-05T07:56Z,other,review_needed,False,,unknown,deprecated_pipeline_output,archive_old / do_not_use_for_final_length_fig,False
results/length_optimize_current/figures/speckle_montage.png,.png,19212.5,2026-05-05T07:56Z,other,review_needed,False,,unknown,deprecated_pipeline_output,archive_old / do_not_use_for_final_length_fig,False
results/length_optimize_current/figures/speckle_montage.svg,.svg,24872.8,2026-05-05T07:56Z,other,review_needed,False,,unknown,deprecated_pipeline_output,archive_old / do_not_use_for_final_length_fig,False
results/loss_analysis_32/figures/loss_mean_comparison.png,.png,31.3,2026-04-22T14:13Z,other,review_needed,False,,unknown,,review,False
results/loss_analysis_32/figures/loss_mean_comparison.svg,.svg,33.0,2026-04-22T14:13Z,other,review_needed,False,,unknown,,review,False
results/loss_analysis_32/figures/loss_per_fiber.png,.png,96.1,2026-04-22T14:13Z,other,review_needed,False,,unknown,,review,False
results/loss_analysis_32/figures/loss_per_fiber.svg,.svg,60.0,2026-04-22T14:13Z,other,review_needed,False,,unknown,,review,False
results/unified/confusion_matrix.png,.png,93.6,2026-04-14T18:55Z,other,review_needed,False,,unknown,,review,False
results/unified/domain_green_only/confusion_matrix.png,.png,77.2,2026-04-14T18:55Z,other,review_needed,False,,unknown,,review,False
results/unified/domain_red_green_dynamic/confusion_matrix.png,.png,75.6,2026-04-14T18:55Z,other,review_needed,False,,unknown,,review,False
results/unified/domain_red_green_fixed/confusion_matrix.png,.png,74.6,2026-04-14T18:55Z,other,review_needed,False,,unknown,,review,False
results/unified/loss_acc_curve.png,.png,56.8,2026-04-14T18:55Z,other,review_needed,False,,unknown,,review,False
